document,date,location
No-MM_K0100,1903-07-25,N/A
No-MM_K0106,1925-04-20,N/A
No-MM_K0117,1889-03-01,N/A
No-MM_K0119,1889-03-11,N/A
No-MM_K0135,1902-01-10,N/A
No-MM_K0192,1905-12-19,N/A
No-MM_K0196,1912-05-05,N/A
No-MM_K0197,1912-05-18,N/A
No-MM_K0262,1905-02-02,N/A
No-MM_K0290,1908-11-19,N/A
No-MM_K0309,1906-05-08,N/A
No-MM_K0311,1896-06-27,N/A
No-MM_K0331,1909-12-11,N/A
No-MM_K0345,1914-06-30,N/A
No-MM_K0585,1899-12-10,N/A
No-MM_K0734,1909-03-23,N/A
No-MM_K0798,1902,N/A
No-MM_K0811,1908-05-21,N/A
No-MM_K0853,1906-08,N/A
No-MM_K0920,1910-12-09,N/A
No-MM_K1032,1902-01-09,N/A
No-MM_K1100,1906-04-15,N/A
No-MM_K1503,1892-06-27,N/A
No-MM_K1510,1906-02-08,N/A
No-MM_K1521,1913-06-28,N/A
No-MM_K1556,1909-12-12,N/A
No-MM_K1576,1910-03-20,N/A
No-MM_K1593,1911-07-03,N/A
No-MM_K1594,1893-06,N/A
No-MM_K1612,1910-01-08,N/A
No-MM_K1614,1910-01-20,N/A
No-MM_K1729,1906-12-03,N/A
No-MM_K1760,1903-12-31,N/A
No-MM_K1766,1903-10-03,N/A
No-MM_K1767,1903-10,N/A
No-MM_K1771,1905-02-11,N/A
No-MM_K1797,1903-05,N/A
No-MM_K1803,1903-07,N/A
No-MM_K1810,1903-09-28,N/A
No-MM_K1843,1906-06-20,N/A
No-MM_K1942,1914-03-24,N/A
No-MM_K1994,1905-01-31,N/A
No-MM_K2004,1903-07-08,N/A
No-MM_K2044,1908-07-01,N/A
No-MM_K2092,1914-03-05,N/A
No-MM_K2259,1913-01-12,N/A
No-MM_K2260,1913-01-28,N/A
No-MM_K2319,1919-10-08,N/A
No-MM_K2352,1925-07-02,N/A
No-MM_K2357,1926-11-18,N/A
No-MM_K2665,1909-12-20,N/A
No-MM_K2713,1912-12-20,N/A
No-MM_K2719,1913-06-12,N/A
No-MM_K2765,1903-03-31,N/A
No-MM_K2766,1903-03-25,N/A
No-MM_K2774,1903-06-21,N/A
No-MM_K2843,1922-05-15,N/A
No-MM_K2869,1904-02-01,N/A
No-MM_K2958,1923-12-14,N/A
No-MM_K2959,1924-05-19,N/A
No-MM_K2982,1906-08-28,N/A
No-MM_K2986,1906-01-01,N/A
No-MM_K3045,1903-08-16,N/A
No-MM_K3050,1903-11-10,N/A
No-MM_K3052,1903-11-14,N/A
No-MM_K3057,1904-04-23,N/A
No-MM_K3058,1904-04-30,N/A
No-MM_K3059,1904-04-30,N/A
No-MM_K3064,1904-12-31,N/A
No-MM_K3066,1905-01-28,N/A
No-MM_K3067,1905-02-17,N/A
No-MM_K3069,1905-03-25,N/A
No-MM_K3071,1905-04-28,N/A
No-MM_K3072,1905-05-28,N/A
No-MM_K3073,1905-06-20,N/A
No-MM_K3080,1906-01-08,N/A
No-MM_K3083,1906-02-04,N/A
No-MM_K3091,1906-04-08,N/A
No-MM_K3095,1906-05-26,N/A
No-MM_K3101,1906-10-21,N/A
No-MM_K3103,1906-11-07,N/A
No-MM_K3105,1906-12-09,N/A
No-MM_K3106,1906-12-17,N/A
No-MM_K3107,1906-12-23,N/A
No-MM_K3109,1907-01-20,N/A
No-MM_K3159,1909-01-29,N/A
No-MM_K3160,1909-01-31,N/A
No-MM_K3162,1909-02-04,N/A
No-MM_K3166,1907-03-01,N/A
No-MM_K3170,1909-05-09,N/A
No-MM_K3172,1909-06-15,N/A
No-MM_K3231,1916-05-12,N/A
No-MM_K3232,1916-06-09,N/A
No-MM_K3256,1923-11-26,N/A
No-MM_K3259,1924-02-11,N/A
No-MM_K3263,1924-12-08,N/A
No-MM_K3271,1926-01-26,N/A
No-MM_K3572,1923-10-20,N/A
No-MM_K3605,1917-07-03,N/A
No-MM_K3968,1926-04-01,N/A
No-MM_K4089,1912-12-03,N/A
No-MM_K4091,1912-12-10,N/A
No-MM_K4095,1917-06-26,N/A
No-MM_K4379,1890-02-18,N/A
No-MM_K4401,1891-11-28,N/A
No-MM_K4410,1892-01-11,N/A
No-MM_K4423,1893-04-30,N/A
No-MM_K4429,1894-04-18,N/A
No-MM_K4435,1894-12,N/A
No-MM_K4440,1906-04-01,N/A
No-MM_K4444,1907-06-21,N/A
No-MM_K4480,1909-11-30,N/A
No-MM_K4507,1904-07-18,N/A
No-MM_K4512,1905-03-13,N/A
No-MM_K4521,1895-03-13,N/A
No-MM_K4523,1895-06-18,N/A
No-MM_K4529,1896-06-23,N/A
No-MM_K4532,1896-09-14,N/A
No-MM_K4540,1899-11-21,N/A
No-MM_K4548,1899-04-21,N/A
No-MM_K4552,1911-02-12,N/A
No-MM_K4560,1912-02-12,N/A
No-MM_K4565,1912-10-26,N/A
No-MM_K4596,1915-03-06,N/A
No-MM_K4597,1915-03-23,N/A
No-MM_K4608,1915-09-26,N/A
No-MM_K4614,1916-02-02,N/A
No-MM_K4742,1909-05,N/A
No-MM_K4761,1902-02-23,N/A
No-MM_K4768,1902-03-11,N/A
No-MM_K4811,1916-11-14,N/A
No-MM_K4817,1925-02-18,N/A
No-MM_K5032,1921-10-14,N/A
No-MM_K5061,1894-12-01,N/A
No-MM_K5082,1908-10-14,N/A
No-MM_K5085,1916-02-16,N/A
No-MM_K5114,1905-11-26,N/A
No-MM_K5121,1923-12-22,N/A
No-MM_K5138,1891-04-01,N/A
No-MM_K5139,1892-02,N/A
No-MM_K5414,1905-08-27,N/A
No-MM_N0033,N/A,Saint-Cloud
No-MM_N0041,1929-02,N/A
No-MM_N0057,N/A,Warnemünde
No-MM_N0063,N/A,Saint-Cloud
No-MM_N0118,1889-02,N/A
No-MM_N0120,N/A,Paris
No-MM_N0123,1890-10,N/A
No-MM_N0139,1909-03,N/A
No-MM_N0156,1909-02,N/A
No-MM_N0160,1896,N/A
No-MM_N0161,1930,N/A
No-MM_N0183,1915-09,N/A
No-MM_N0184,1915-09,N/A
No-MM_N0186,1912-02,N/A
No-MM_N0188,1896-08,N/A
No-MM_N0189,1908-04-06,N/A
No-MM_N0191,1920-03-15,N/A
No-MM_N0196,1916%1917,N/A
No-MM_N0197,1916%1917,N/A
No-MM_N0198,1916%1917,N/A
No-MM_N0202,1902,N/A
No-MM_N0206,1896-12%1897-01,N/A
No-MM_N0213,1929-02,N/A
No-MM_N0241,1909-04-20,N/A
No-MM_N0253,1929-02,N/A
No-MM_N0266,1907%1908,N/A
No-MM_N0275,1932-11,N/A
No-MM_N0277,1909-01,N/A
No-MM_N0278,1899,N/A
No-MM_N0341,N/A,Oslo
No-MM_N0352,1906-12-17,N/A
No-MM_N0395,1918-09,Oslo
No-MM_N0490,N/A,Berlin
No-MM_N0492,1909-12,N/A
No-MM_N0552,1910-04-26,N/A
No-MM_N0553,1896-12,N/A
No-MM_N0561,N/A,Oslo
No-MM_N0570,N/A,Oslo
No-MM_N0619,1909-11,N/A
No-MM_N0668,1906-02-19,Weimar
No-MM_N0669,1906-12%1907-01,N/A
No-MM_N0670,1911-10,N/A
No-MM_N0672,1916%1917,N/A
No-MM_N0678,1916%1917,N/A
No-MM_N0679,1927-02-12,Oslo
No-MM_N0681,1916%1917,N/A
No-MM_N0685,1904-06-18,Åsgårdstrand
No-MM_N0687,N/A,Oslo
No-MM_N0691,1908-05-12,N/A
No-MM_N0698,1926-10,N/A
No-MM_N0702,1905,N/A
No-MM_N0703,N/A,Oslo
No-MM_N0710,1914-09,N/A
No-MM_N0711,N/A,Oslo
No-MM_N0712,1905-11-06,N/A
No-MM_N0716,1874-06-18,N/A
No-MM_N0717,1875-08-02,Løten
No-MM_N0718,1878-05-18,N/A
No-MM_N0719,1885-05-01,N/A
No-MM_N0720,1889-02-01,N/A
No-MM_N0721,1889-10-09,Paris
No-MM_N0722,1889-11-02,N/A
No-MM_N0723,1878-08-20,Gardermoen
No-MM_N0724,1879-07-06,Helgelandsmoen
No-MM_N0725,1891-01-02,Le Havre
No-MM_N0726,1894-04,N/A
No-MM_N0727,1894-10,N/A
No-MM_N0728,1876-06-27,Gardermoen
No-MM_N0729,1879-06-21,Helgelandsmoen
No-MM_N0730,1882-05-26,N/A
No-MM_N0731,1884-07,N/A
No-MM_N0732,1884-07,N/A
No-MM_N0733,1884-09,N/A
No-MM_N0734,1885-05-05,Paris
No-MM_N0735,1888-07-06,Hankø
No-MM_N0736,1888-07-13,N/A
No-MM_N0737,1889-01-08,N/A
No-MM_N0738,1889,N/A
No-MM_N0739,1889-10,N/A
No-MM_N0740,1889-11-14,N/A
No-MM_N0741,1889-11-30,Paris
No-MM_N0742,1889-12-04,Paris
No-MM_N0743,1889-12-19,Paris
No-MM_N0744,1890-01-02,Saint-Cloud
No-MM_N0745,1890-01-15,Saint-Cloud
No-MM_N0746,1890-02,Saint-Cloud
No-MM_N0747,1890-03,Saint-Cloud
No-MM_N0748,1890,N/A
No-MM_N0749,1890-11-09,Le Havre
No-MM_N0750,1890-11-21,Le Havre
No-MM_N0751,1890-11-25,Le Havre
No-MM_N0752,1890-12-03,Le Havre
No-MM_N0753,1890-12-29,Le Havre
No-MM_N0754,1890,N/A
No-MM_N0755,1890-02,N/A
No-MM_N0756,1891-01,N/A
No-MM_N0757,1891-11-30,N/A
No-MM_N0758,1891-01-09,Nice
No-MM_N0759,1891-01-18,N/A
No-MM_N0760,1891-01-21,N/A
No-MM_N0761,1891-01-20,Nice
No-MM_N0762,1891-02-09,Nice
No-MM_N0763,1891-02-13,Nice
No-MM_N0764,1891-02-17,Nice
No-MM_N0765,1891-03,N/A
No-MM_N0766,1891-03,N/A
No-MM_N0767,1891-03-10,Nice
No-MM_N0768,1891-03-18,Nice
No-MM_N0769,1891-04-06,N/A
No-MM_N0770,1891-04-13,Nice
No-MM_N0771,1891-04-25,N/A
No-MM_N0772,1891-05-06,N/A
No-MM_N0773,1891-05-17,N/A
No-MM_N0774,1891-11,N/A
No-MM_N0775,1891-01,N/A
No-MM_N0776,1891-12-06,Nice
No-MM_N0777,1892-01-02,Nice
No-MM_N0778,1892-02,N/A
No-MM_N0779,1892-02,N/A
No-MM_N0780,1892-02-23,Nice
No-MM_N0781,1892-10-20,N/A
No-MM_N0782,1892-03,N/A
No-MM_N0783,1892-10-25,Berlin
No-MM_N0784,1892-11,N/A
No-MM_N0785,1892-11-12,Berlin
No-MM_N0786,1892-11-17,Berlin
No-MM_N0787,1892-11-26,Berlin
No-MM_N0788,1893-12,N/A
No-MM_N0789,1906-06,N/A
No-MM_N0790,1893-01-20,Berlin
No-MM_N0791,1893-02-25,Berlin
No-MM_N0792,1893-04,N/A
No-MM_N0793,1893-06,N/A
No-MM_N0794,1893-05-26,Dresden
No-MM_N0795,1893-06-18,N/A
No-MM_N0796,1893,N/A
No-MM_N0797,1893-11-17,N/A
No-MM_N0798,1893-12-18,Berlin
No-MM_N0799,1906-03,N/A
No-MM_N0800,1893-12-03,Berlin
No-MM_N0801,1892-12%1893-01,N/A
No-MM_N0802,1894-02-25,N/A
No-MM_N0803,1894-03-13,Berlin
No-MM_N0804,1894-04-29,Berlin
No-MM_N0805,1894-10-07,Stockholm
No-MM_N0806,1894-10-24,Berlin
No-MM_N0807,1894-11-14,Berlin
No-MM_N0808,1895-02-03,Berlin
No-MM_N0809,1894-04,N/A
No-MM_N0810,1895-03,N/A
No-MM_N0811,1895-06,N/A
No-MM_N0812,1895-10,N/A
No-MM_N0813,1895-10-26,N/A
No-MM_N0814,1896-02-26,N/A
No-MM_N0815,1897,N/A
No-MM_N0816,1896-03,N/A
No-MM_N0817,1896-03-27,N/A
No-MM_N0818,1896-05-12,N/A
No-MM_N0819,1896-07-01,N/A
No-MM_N0820,1896-09,N/A
No-MM_N0821,1896-08-04,N/A
No-MM_N0822,1896,N/A
No-MM_N0823,1896-10-16,N/A
No-MM_N0824,1896-11,N/A
No-MM_N0825,1897,N/A
No-MM_N0826,1897-01,N/A
No-MM_N0827,1897-01,N/A
No-MM_N0828,1898-03-19,N/A
No-MM_N0829,1899-04-25,N/A
No-MM_N0830,1899-05-08,N/A
No-MM_N0831,1899-04,N/A
No-MM_N0832,1900-07,N/A
No-MM_N0833,1899-11,N/A
No-MM_N0834,1899-11,N/A
No-MM_N0835,1900-03-29,N/A
No-MM_N0836,1900-06-29,N/A
No-MM_N0837,1900-09,N/A
No-MM_N0838,1901-03-08,N/A
No-MM_N0839,1901-11-23,N/A
No-MM_N0840,1901-11-28,N/A
No-MM_N0841,1901-12%1902-01,N/A
No-MM_N0842,2902-01-20,N/A
No-MM_N0843,1902-02-14,N/A
No-MM_N0844,1902-03,N/A
No-MM_N0845,1902-03-08,N/A
No-MM_N0847,1902-04-29,N/A
No-MM_N0848,1902-05-15,N/A
No-MM_N0849,1893-06,N/A
No-MM_N0850,1902-08-17,N/A
No-MM_N0851,1902-08,N/A
No-MM_N0852,1902-11-14,Lübeck
No-MM_N0853,1902-11-24,Lübeck
No-MM_N0854,1902-11-27,N/A
No-MM_N0855,1902-12-22,Berlin
No-MM_N0856,1902-12-29,N/A
No-MM_N0857,1902-12-06,N/A
No-MM_N0858,1908-02-09,N/A
No-MM_N0859,1903-02-27,Leipzig
No-MM_N0860,1903-03-23,Paris
No-MM_N0861,1903-04-17,Paris
No-MM_N0862,1903-05-05,Lübeck
No-MM_N0863,1905-07-27,N/A
No-MM_N0864,1903-05-06,Lübeck
No-MM_N0865,1903-10-19,N/A
No-MM_N0866,1903-12-22,Berlin
No-MM_N0867,1904-01-02,Lübeck
No-MM_N0868,1904-03-06,N/A
No-MM_N0869,1894-12,N/A
No-MM_N0870,1904-03-18,Weimar
No-MM_N0871,1904-07-13,Åsgårdstrand
No-MM_N0872,1904-07,N/A
No-MM_N0873,1904-08-15,Lübeck
No-MM_N0874,1904-08-17,Travemünde
No-MM_N0875,1904-08-27,N/A
No-MM_N0876,1904-09-03,N/A
No-MM_N0877,1904-09,N/A
No-MM_N0878,1904-09-19,Åsgårdstrand
No-MM_N0879,1905-08,N/A
No-MM_N0880,1904-10-30,Åsgårdstrand
No-MM_N0881,1904-11-21,Åsgårdstrand
No-MM_N0882,1904-11-27,N/A
No-MM_N0883,1904-12-14,Lübeck
No-MM_N0884,1903-10,N/A
No-MM_N0885,1905-03,N/A
No-MM_N0886,1905-03,N/A
No-MM_N0887,1905-09,N/A
No-MM_N0888,1905-09,N/A
No-MM_N0889,1905-07-27,N/A
No-MM_N0890,1905-09-23,N/A
No-MM_N0891,1905-10-19,N/A
No-MM_N0892,1905-10-23,N/A
No-MM_N0893,1905-02-08,Praha
No-MM_N0894,1905-11-06,N/A
No-MM_N0895,1905-11-17,Thüringen
No-MM_N0896,1905-12-26,Bad Elgersburg
No-MM_N0897,1905,N/A
No-MM_N0898,1905-08,N/A
No-MM_N0899,1905-09,N/A
No-MM_N0900,1906-09,N/A
No-MM_N0901,1905-01-18,Lübeck
No-MM_N0902,1905-03,N/A
No-MM_N0903,1906-02-15,N/A
No-MM_N0904,1906-03-08,Weimar
No-MM_N0905,1906-03,N/A
No-MM_N0906,1906-03,N/A
No-MM_N0907,1906-04-26,Berlin
No-MM_N0908,1906-07,N/A
No-MM_N0909,1906-09,N/A
No-MM_N0910,1906-10-04,N/A
No-MM_N0911,1906-10-31,N/A
No-MM_N0912,1906-12-19,N/A
No-MM_N0913,1906-06,N/A
No-MM_N0914,1906-06-11,N/A
No-MM_N0915,1906-06-13,N/A
No-MM_N0916,1906-07-04,N/A
No-MM_N0917,1906-06,N/A
No-MM_N0918,1906-11-15,N/A
No-MM_N0919,1906-05-09,N/A
No-MM_N0920,1907-03-16,N/A
No-MM_N0921,1907-02,N/A
No-MM_N0922,1907-04-07,Stockholm
No-MM_N0923,1907-04-19,N/A
No-MM_N0924,1907-05-29,N/A
No-MM_N0925,1907-06-12,N/A
No-MM_N0926,1907-07,N/A
No-MM_N0927,1907-09-10,N/A
No-MM_N0928,1907-11-17,N/A
No-MM_N0929,1907-09-24,N/A
No-MM_N0930,1907-12-09,N/A
No-MM_N0931,1907-12-24,N/A
No-MM_N0932,1907-12-26,Warnemünde
No-MM_N0933,1908-01-26,N/A
No-MM_N0934,1908-02-23,N/A
No-MM_N0935,1908-02-07,Berlin
No-MM_N0936,1908-03,N/A
No-MM_N0937,1908-05-18,Warnemünde
No-MM_N0938,1908-06-23,Warnemünde
No-MM_N0939,1908-10,N/A
No-MM_N0941,1908-10-27,København
No-MM_N0942,1908-11-13,København
No-MM_N0943,1908-11-22,København
No-MM_N0944,1908-11-28,København
No-MM_N0945,1908-12-05,København
No-MM_N0946,1909-03,N/A
No-MM_N0947,1909-01-18,København
No-MM_N0948,1909-02-26,N/A
No-MM_N0949,1909-04-11,København
No-MM_N0950,1909-04-15,København
No-MM_N0951,1909-05-11,N/A
No-MM_N0953,1909-05,N/A
No-MM_N0954,1909-05,N/A
No-MM_N0955,1909-06-20,N/A
No-MM_N0956,1909-07-14,Kragerø
No-MM_N0957,1904-08-17,Travemünde
No-MM_N0958,1907-08-17,Berlin
No-MM_N0959,1909-09,N/A
No-MM_N0960,1909-10,N/A
No-MM_N0961,1920-10-19,N/A
No-MM_N0962,1900-08,N/A
No-MM_N0963,1910-12-18,Kragerø
No-MM_N0964,1911-01,N/A
No-MM_N0965,1911-04-08,Hvitsten
No-MM_N0966,1911-02,N/A
No-MM_N0967,1911-12-14,N/A
No-MM_N0969,1914-01-18,N/A
No-MM_N0970,1896-08-13,N/A
No-MM_N0972,1912-05-28,N/A
No-MM_N0973,1911-09,N/A
No-MM_N0974,1912-09-24,N/A
No-MM_N0975,1913-04-24,N/A
No-MM_N0976,1913-08-27,N/A
No-MM_N0977,1913-11-07,N/A
No-MM_N0978,1913-09,N/A
No-MM_N0979,1913-07-23,N/A
No-MM_N0980,1914-01-25,N/A
No-MM_N0981,1914-02-16,N/A
No-MM_N0982,1914-09-25,N/A
No-MM_N0983,1914-02-07,N/A
No-MM_N0984,1915-08-22,N/A
No-MM_N0985,1915-08-21,N/A
No-MM_N0986,1915-10-17,N/A
No-MM_N0987,1915-11-06,N/A
No-MM_N0988,1915-11-19,N/A
No-MM_N0989,1920-01-31,Oslo
No-MM_N0990,1920-12-23,N/A
No-MM_N0991,1910-03,N/A
No-MM_N0992,1909-11,N/A
No-MM_N0993,1921-01-29,Oslo
No-MM_N0994,1921-12-24,N/A
No-MM_N0995,1922-12-27,N/A
No-MM_N0996,1911-12-30,N/A
No-MM_N0997,1922-05-30,N/A
No-MM_N0998,1922-09,N/A
No-MM_N0999,1916%1917,N/A
No-MM_N1000,1923-05-15,N/A
No-MM_N1001,1925-08-08,N/A
No-MM_N1002,1925-02,N/A
No-MM_N1003,1925-12-23,N/A
No-MM_N1004,1917-12,N/A
No-MM_N1005,1923-01-19,N/A
No-MM_N1006,1926-01-29,N/A
No-MM_N1007,1926-02-13,N/A
No-MM_N1008,1926-05-27,N/A
No-MM_N1009,1926-06-08,N/A
No-MM_N1010,1926-10-07,N/A
No-MM_N1011,1926-10-14,Dresden
No-MM_N1012,1926-10-20,N/A
No-MM_N1013,1926-10-21,N/A
No-MM_N1014,1926-12-31,N/A
No-MM_N1015,1915-02,N/A
No-MM_N1016,1927-04-04,N/A
No-MM_N1017,1916-11,N/A
No-MM_N1018,1927-04-04,Roma
No-MM_N1019,1930-08-24,Oslo
No-MM_N1020,1931-01-02,N/A
No-MM_N1024,1909-05-04,N/A
No-MM_N1026,1915-05,N/A
No-MM_N1028,1889,N/A
No-MM_N1033,1911-11,N/A
No-MM_N1036,1916-02,N/A
No-MM_N1038,1912-02,N/A
No-MM_N1039,1910-04,N/A
No-MM_N1041,1914-12,N/A
No-MM_N1045,1908-12,N/A
No-MM_N1049,1909-02-04,N/A
No-MM_N1050,1911-11,N/A
No-MM_N1051,1910-08,N/A
No-MM_N1054,1916-02,N/A
No-MM_N1058,1928-10-25,N/A
No-MM_N1061,1925-02,N/A
No-MM_N1062,1922-10,N/A
No-MM_N1063,1894,N/A
No-MM_N1065,1915-03,N/A
No-MM_N1068,1924,N/A
No-MM_N1072,1912-10-24,N/A
No-MM_N1073,1922-09,N/A
No-MM_N1076,1916%1917,N/A
No-MM_N1079,1916%1917,N/A
No-MM_N1080,1917-09,N/A
No-MM_N1081,1916-12,N/A
No-MM_N1082,1916%1917,N/A
No-MM_N1083,1909,N/A
No-MM_N1084,1916%1917,N/A
No-MM_N1085,1915-09,N/A
No-MM_N1086,1916-12,N/A
No-MM_N1087,1916%1917,N/A
No-MM_N1088,1916%1917,N/A
No-MM_N1089,1914%1915,N/A
No-MM_N1090,1916%1917,N/A
No-MM_N1091,1915-03,N/A
No-MM_N1092,1889-12-07,Paris
No-MM_N1093,1890-02-15,Saint-Cloud
No-MM_N1094,1890-05-06,N/A
No-MM_N1095,1891-01-31,Nice
No-MM_N1096,1891-04,N/A
No-MM_N1097,1894-09-29,N/A
No-MM_N1098,1894-09-29,Stockholm
No-MM_N1099,1894-12-17,Berlin
No-MM_N1100,1896-06,N/A
No-MM_N1101,1896-04-24,N/A
No-MM_N1102,1901-12-14,N/A
No-MM_N1103,1901-12,N/A
No-MM_N1104,1902-04-08,N/A
No-MM_N1105,1908-08-13,N/A
No-MM_N1106,1913-03-18,N/A
No-MM_N1107,1926-09-14,N/A
No-MM_N1108,1921-01-04,N/A
No-MM_N1109,1923-04,N/A
No-MM_N1110,1922-02-06,N/A
No-MM_N1111,1923-12-18,N/A
No-MM_N1113,1925-12-31,N/A
No-MM_N1114,1927-10,N/A
No-MM_N1115,1926-01,N/A
No-MM_N1116,1926-03-02,N/A
No-MM_N1117,1926-06-03,N/A
No-MM_N1119,1926-09-23,N/A
No-MM_N1120,1926-11-20,N/A
No-MM_N1121,1927-10,N/A
No-MM_N1122,1927-01-14,N/A
No-MM_N1123,1927-02-28,N/A
No-MM_N1124,1927-03-04,N/A
No-MM_N1125,1927-03-07,N/A
No-MM_N1126,1927-03-12,N/A
No-MM_N1127,1926%1927,N/A
No-MM_N1128,1927-04-25,N/A
No-MM_N1129,1927-10-01,N/A
No-MM_N1130,1927-10-19,N/A
No-MM_N1131,1927-11-10,N/A
No-MM_N1132,1927-10-27,Oslo
No-MM_N1133,1927-11-19,N/A
No-MM_N1134,1927-11-21,N/A
No-MM_N1135,1929-01,N/A
No-MM_N1136,1928-06-23,N/A
No-MM_N1138,1928-01-23,N/A
No-MM_N1139,1929-01,N/A
No-MM_N1140,1927-07,N/A
No-MM_N1141,1931-10-23,N/A
No-MM_N1142,1930-06,N/A
No-MM_N1143,1931-05,N/A
No-MM_N1144,1931-05-19,Oslo
No-MM_N1145,1931-05,N/A
No-MM_N1147,1930-06,N/A
No-MM_N1148,1932-11,N/A
No-MM_N1149,1932-04,N/A
No-MM_N1151,1932-12-12,N/A
No-MM_N1152,1926-11-08,N/A
No-MM_N1162,N/A,Oslo
No-MM_N1163,N/A,Oslo
No-MM_N1164,N/A,Oslo
No-MM_N1165,N/A,Oslo
No-MM_N1166,N/A,Göteborg
No-MM_N1167,N/A,Oslo
No-MM_N1171,1912-11-18,N/A
No-MM_N1179,N/A,Oslo
No-MM_N1187,N/A,Åsgårdstrand
No-MM_N1198,N/A,Oslo
No-MM_N1200,N/A,Oslo
No-MM_N1201,N/A,Oslo
No-MM_N1202,N/A,Oslo
No-MM_N1217,N/A,Oslo
No-MM_N1218,N/A,Oslo
No-MM_N1226,N/A,Oslo
No-MM_N1228,N/A,Oslo
No-MM_N1229,N/A,Oslo
No-MM_N1235,N/A,Oslo
No-MM_N1253,N/A,Oslo
No-MM_N1282,N/A,Oslo
No-MM_N1286,1931-10-14,N/A
No-MM_N1299,N/A,Oslo
No-MM_N1335,1927-10,N/A
No-MM_N1359,1927-11,N/A
No-MM_N1383,1927-10,N/A
No-MM_N1384,1924-01,N/A
No-MM_N1387,1922-09,N/A
No-MM_N1406,1914,N/A
No-MM_N1411,1929-01-10,N/A
No-MM_N1419,N/A,Oslo
No-MM_N1421,1892-02,Nice
No-MM_N1433,N/A,Oslo
No-MM_N1444,N/A,Oslo
No-MM_N1445,1932-06-15,N/A
No-MM_N1465,1929-01,N/A
No-MM_N1470,1929-01,N/A
No-MM_N1481,N/A,Oslo
No-MM_N1483,1930-06,N/A
No-MM_N1569,1906-12-17,N/A
No-MM_N1591,1916-05-18,N/A
No-MM_N1592,1914-01-17,N/A
No-MM_N1593,1914-08-25,N/A
No-MM_N1594,1914-02-28,N/A
No-MM_N1595,1915-10-18,N/A
No-MM_N1596,1917-09-05,N/A
No-MM_N1597,1917-02-06,N/A
No-MM_N1598,1918-06-14,N/A
No-MM_N1599,1921-12-20,Oslo
No-MM_N1600,1921-10,N/A
No-MM_N1601,1921-01,N/A
No-MM_N1602,1922-06-11,N/A
No-MM_N1603,1922-12-27,N/A
No-MM_N1604,1923-01-02,N/A
No-MM_N1605,1923-05-15,Zürich
No-MM_N1606,1925-01-20,N/A
No-MM_N1608,1925-12-23,N/A
No-MM_N1609,1925-01-20,N/A
No-MM_N1610,1915-10-15,N/A
No-MM_N1611,1915-10-17,N/A
No-MM_N1612,1922-09,N/A
No-MM_N1614,1915-05-04,N/A
No-MM_N1617,1928-12-12,Oslo
No-MM_N1646,1920-04,N/A
No-MM_N1649,N/A,Kragerø
No-MM_N1651,N/A,Oslo
No-MM_N1655,1910-12-21,Kragerø
No-MM_N1657,1929-04-26,Oslo
No-MM_N1658,N/A,Oslo
No-MM_N1659,1903-10,N/A
No-MM_N1661,1908-07-16,Warnemünde
No-MM_N1662,1908-08-14,Warnemünde
No-MM_N1663,1908-07-16,Warnemünde
No-MM_N1664,1930-07-24,Oslo
No-MM_N1665,1889-03,N/A
No-MM_N1666,1889-03,N/A
No-MM_N1667,1889-05,N/A
No-MM_N1668,1931,N/A
No-MM_N1669,1902-01,Berlin
No-MM_N1673,1919-12,N/A
No-MM_N1674,1929-06-16,Oslo
No-MM_N1675,1923-01,N/A
No-MM_N1676,1923-01-23,Oslo
No-MM_N1677,1921-01-03,Oslo
No-MM_N1682,N/A,Oslo
No-MM_N1683,1932-10-29,Åsgårdstrand
No-MM_N1684,N/A,Oslo
No-MM_N1685,1932-10-29,N/A
No-MM_N1697,1932-10,N/A
No-MM_N1709,1920-03-21,N/A
No-MM_N1710,1906-10,N/A
No-MM_N1715,1908-06,N/A
No-MM_N1716,1920-03-21,Oslo
No-MM_N1720,1896-08,N/A
No-MM_N1721,1896,N/A
No-MM_N1722,1896,N/A
No-MM_N1727,1906%1908,N/A
No-MM_N1728,1931%1933,N/A
No-MM_N1729,1931%1933,N/A
No-MM_N1730,1908-11,N/A
No-MM_N1731,N/A,Oslo
No-MM_N1760,1908,N/A
No-MM_N1761,1909-03,N/A
No-MM_N1762,N/A,Oslo
No-MM_N1763,N/A,Oslo
No-MM_N1764,N/A,Oslo
No-MM_N1766,N/A,Oslo
No-MM_N1774,N/A,Oslo
No-MM_N1784,1891-01,N/A
No-MM_N1790,N/A,Oslo
No-MM_N1792,N/A,Oslo
No-MM_N1797,1914-09,N/A
No-MM_N1798,1906-05-22,N/A
No-MM_N1802,1906-07,N/A
No-MM_N1803,1906-07,N/A
No-MM_N1805,1898%1899,N/A
No-MM_N1806,1899,N/A
No-MM_N1807,1899-04,N/A
No-MM_N1808,1899-04,N/A
No-MM_N1809,1899-04-22,Firenze
No-MM_N1810,1899,N/A
No-MM_N1811,1899-05,N/A
No-MM_N1812,1899,N/A
No-MM_N1813,1899-05-25,Paris
No-MM_N1814,1899-05-25,Paris
No-MM_N1815,1899-05,N/A
No-MM_N1816,1899-06,N/A
No-MM_N1817,1899,N/A
No-MM_N1818,1899,N/A
No-MM_N1819,1899,N/A
No-MM_N1820,1899,N/A
No-MM_N1821,1899,N/A
No-MM_N1823,1899-08,N/A
No-MM_N1824,1899-09,N/A
No-MM_N1825,1899-10,N/A
No-MM_N1826,1899,N/A
No-MM_N1827,1899,N/A
No-MM_N1828,1899,N/A
No-MM_N1829,1899,N/A
No-MM_N1831,1899-12,N/A
No-MM_N1832,1899,N/A
No-MM_N1833,1899,N/A
No-MM_N1836,1899,N/A
No-MM_N1837,1899,N/A
No-MM_N1838,1899,N/A
No-MM_N1839,1899,N/A
No-MM_N1841,1900,N/A
No-MM_N1842,1900,N/A
No-MM_N1843,1899,N/A
No-MM_N1845,1899,N/A
No-MM_N1846,1899,N/A
No-MM_N1847,1899,N/A
No-MM_N1848,1899,N/A
No-MM_N1849,1899,N/A
No-MM_N1850,1899,N/A
No-MM_N1851,1899-12,N/A
No-MM_N1852,1899-12-15,N/A
No-MM_N1853,1899-12,N/A
No-MM_N1854,1899,N/A
No-MM_N1855,1899,N/A
No-MM_N1856,1899,N/A
No-MM_N1858,1899,N/A
No-MM_N1859,1899,N/A
No-MM_N1860,1899-12,N/A
No-MM_N1861,1899,N/A
No-MM_N1862,1899%1900,N/A
No-MM_N1863,1899,N/A
No-MM_N1864,1900,N/A
No-MM_N1865,1900,N/A
No-MM_N1866,1900,N/A
No-MM_N1867,1899,N/A
No-MM_N1868,1900,N/A
No-MM_N1869,1900,N/A
No-MM_N1870,1900,N/A
No-MM_N1871,1900,N/A
No-MM_N1872,1900,N/A
No-MM_N1873,1900,N/A
No-MM_N1874,1900,N/A
No-MM_N1875,1900,N/A
No-MM_N1876,1900,N/A
No-MM_N1877,1900,N/A
No-MM_N1878,1900,N/A
No-MM_N1879,1900,N/A
No-MM_N1880,1900,N/A
No-MM_N1881,1900,N/A
No-MM_N1882,1900,N/A
No-MM_N1883,1900,N/A
No-MM_N1884,1900,N/A
No-MM_N1885,1900,N/A
No-MM_N1886,1900,N/A
No-MM_N1887,1932-05-10,Oslo
No-MM_N1888,1932-05-02,Oslo
No-MM_N1890,1910-12,N/A
No-MM_N1897,1911-12,N/A
No-MM_N1901,1909-02,N/A
No-MM_N1904,1908-05,N/A
No-MM_N1905,1907%1908,N/A
No-MM_N1906,1907,N/A
No-MM_N1908,1908-12-27,København
No-MM_N1909,1926-10-16,N/A
No-MM_N1910,1909-04-20,N/A
No-MM_N1911,1907%1908,N/A
No-MM_N1912,1922-04-22,N/A
No-MM_N1913,1902,N/A
No-MM_N1914,1902-02,N/A
No-MM_N1915,1902-02,N/A
No-MM_N1916,1902,N/A
No-MM_N1917,1902,N/A
No-MM_N1918,1902,N/A
No-MM_N1919,1902,N/A
No-MM_N1920,1902,N/A
No-MM_N1921,1889,N/A
No-MM_N1922,1890-03,N/A
No-MM_N1925,1895%1896,N/A
No-MM_N1928,1907,N/A
No-MM_N1929,1907-03,N/A
No-MM_N1931,1908-10,N/A
No-MM_N1932,1907-03,N/A
No-MM_N1936,N/A,Myrdal
No-MM_N1941,1908-09,N/A
No-MM_N1942,1906-08,N/A
No-MM_N1943,1906-08,N/A
No-MM_N1944,1906-08,N/A
No-MM_N1945,1906-08,N/A
No-MM_N1946,1905-08-25,N/A
No-MM_N1947,1908-09,N/A
No-MM_N1948,1910-12,N/A
No-MM_N1949,1895-06,N/A
No-MM_N1951,1908-09,N/A
No-MM_N1952,1905,N/A
No-MM_N1962,1909-03,N/A
No-MM_N1966,1909-02,N/A
No-MM_N1967,1905,N/A
No-MM_N1968,1900%1901,N/A
No-MM_N1969,1908-09,N/A
No-MM_N1970,1918-09-14,Oslo
No-MM_N1972,1895-03-22,Paris
No-MM_N1975,1927%1933,N/A
No-MM_N1976,1929-02,N/A
No-MM_N1984,N/A,Hvitsten
No-MM_N1994,N/A,Oslo
No-MM_N1995,1909-03-27,København
No-MM_N1997,1905,N/A
No-MM_N1998,1905-12,N/A
No-MM_N1999,1922-05-31,N/A
No-MM_N2000,1922-05-31,N/A
No-MM_N2001,1922-05-31,N/A
No-MM_N2004,1920-10,N/A
No-MM_N2010,1911-04,N/A
No-MM_N2022,1931-11,N/A
No-MM_N2025,1902,N/A
No-MM_N2027,1914-09,N/A
No-MM_N2028,1910-06,N/A
No-MM_N2029,1908-05,N/A
No-MM_N2031,1908-06,N/A
No-MM_N2033,1912-03,N/A
No-MM_N2036,1909-12,N/A
No-MM_N2039,1889-11-25,Paris
No-MM_N2040,1896,N/A
No-MM_N2042,1896,N/A
No-MM_N2043,1901-12%1902-01,N/A
No-MM_N2044,1896,N/A
No-MM_N2045,1893%1894,N/A
No-MM_N2046,1910-04-24,N/A
No-MM_N2050,1896,N/A
No-MM_N2053,1908-03-22,N/A
No-MM_N2054,1907-11,N/A
No-MM_N2056,1908-04-06,N/A
No-MM_N2057,1908,N/A
No-MM_N2058,1908-03-22,N/A
No-MM_N2079,1909-03,N/A
No-MM_N2080,1927-12%1928-01,N/A
No-MM_N2086,1907%1908,N/A
No-MM_N2089,1907,N/A
No-MM_N2126,1906-10,N/A
No-MM_N2163,N/A,Oslo
No-MM_N2173,1926-12-11,Berlin
No-MM_N2174,1926-12-11,N/A
No-MM_N2176,1894-11,N/A
No-MM_N2177,1894-11,N/A
No-MM_N2178,1905-05,N/A
No-MM_N2179,1905-07-25,Danmark
No-MM_N2180,1905-10-20,N/A
No-MM_N2181,1897,N/A
No-MM_N2182,1929-08,N/A
No-MM_N2184,1905-02,N/A
No-MM_N2185,1906-04-15,N/A
No-MM_N2186,1903-10,N/A
No-MM_N2187,1906-05,N/A
No-MM_N2188,1906-05,N/A
No-MM_N2189,1929-02,N/A
No-MM_N2190,1929-02,N/A
No-MM_N2191,N/A,Oslo
No-MM_N2192,1929-02,N/A
No-MM_N2194,1908-04,N/A
No-MM_N2195,1908-04,N/A
No-MM_N2196,1908,N/A
No-MM_N2197,1907,N/A
No-MM_N2200,1902%1904,N/A
No-MM_N2201,1906-01,N/A
No-MM_N2204,1905-12%1906-01,N/A
No-MM_N2208,1905-11-28,Bad Elgersburg
No-MM_N2209,1905-12%1906-01,N/A
No-MM_N2210,1905-07-26,N/A
No-MM_N2211,1905-08,N/A
No-MM_N2212,1916-07-17,Oslo
No-MM_N2214,1896-03,N/A
No-MM_N2215,1910-08-19,N/A
No-MM_N2217,1927-10,N/A
No-MM_N2220,1930-04,N/A
No-MM_N2221,1928-11-01,N/A
No-MM_N2222,1929-06,N/A
No-MM_N2224,1929-06,N/A
No-MM_N2225,1929-06,N/A
No-MM_N2226,1916-05-30,Oslo
No-MM_N2227,1925-08-08,N/A
No-MM_N2229,1918-12-09,Oslo
No-MM_N2232,1927-03,N/A
No-MM_N2234,1930-02,N/A
No-MM_N2235,1927-06,N/A
No-MM_N2239,1927-10,N/A
No-MM_N2247,1916-05-30,N/A
No-MM_N2248,1913-01,N/A
No-MM_N2251,1892-02,N/A
No-MM_N2254,1908-03,N/A
No-MM_N2255,1912-02,N/A
No-MM_N2256,1929-07,N/A
No-MM_N2261,1929-08,N/A
No-MM_N2262,1929-08,N/A
No-MM_N2263,1908-11,N/A
No-MM_N2266,1932-05-22,N/A
No-MM_N2267,N/A,Oslo
No-MM_N2268,1929-02,N/A
No-MM_N2269,1929-03-05,N/A
No-MM_N2271,1929-02-16,N/A
No-MM_N2272,1929-01-29,N/A
No-MM_N2273,1929-02,N/A
No-MM_N2277,1909-12,N/A
No-MM_N2278,1913-09,N/A
No-MM_N2279,1914-03,N/A
No-MM_N2282,1896,N/A
No-MM_N2283,1906-04,N/A
No-MM_N2284,1905-12-20,N/A
No-MM_N2286,1912-11-27,N/A
No-MM_N2287,1904-05-30,Åsgårdstrand
No-MM_N2288,1912-03,N/A
No-MM_N2289,1913-03,N/A
No-MM_N2291,1910-01,N/A
No-MM_N2294,1906,N/A
No-MM_N2295,1906-07,N/A
No-MM_N2297,1905-11-30,Bad Elgersburg
No-MM_N2299,1910-10-20,Kragerø
No-MM_N2301,1912-08,N/A
No-MM_N2302,1912-05,N/A
No-MM_N2304,1907,N/A
No-MM_N2307,1905-02-01,N/A
No-MM_N2308,1905-02-18,Berlin
No-MM_N2309,1905-02-18,N/A
No-MM_N2310,1930-08,N/A
No-MM_N2311,1918-12,N/A
No-MM_N2312,1930-04,N/A
No-MM_N2313,1930-08,N/A
No-MM_N2315,1914-10-24,Moss
No-MM_N2316,1921-10,N/A
No-MM_N2317,1921-09-09,Oslo
No-MM_N2318,1902-12,N/A
No-MM_N2319,1902-12,N/A
No-MM_N2320,1922-05-24,Zürich
No-MM_N2326,1908-04,N/A
No-MM_N2327,1908-12,N/A
No-MM_N2333,1903-01,N/A
No-MM_N2338,1921-05-30,N/A
No-MM_N2339,1922-05,N/A
No-MM_N2341,1909-11,N/A
No-MM_N2344,1922-07,N/A
No-MM_N2349,N/A,Oslo
No-MM_N2350,1930-09,N/A
No-MM_N2353,1897-06-26,Åsgårdstrand
No-MM_N2354,1897-11,N/A
No-MM_N2355,1897-12,N/A
No-MM_N2357,1923-02,N/A
No-MM_N2358,1924-01-16,Oslo
No-MM_N2362,1924-05,N/A
No-MM_N2365,N/A,Oslo
No-MM_N2366,1903-05-25,N/A
No-MM_N2369,1903-05,Lübeck
No-MM_N2370,1903-05,N/A
No-MM_N2372,1903-05,N/A
No-MM_N2375,1903-05-05,N/A
No-MM_N2376,1903-05-05,N/A
No-MM_N2377,1903-05-05,N/A
No-MM_N2381,1903-05,N/A
No-MM_N2383,1903-07-04,Åsgårdstrand
No-MM_N2386,1905-12-20,N/A
No-MM_N2388,1911-02,N/A
No-MM_N2395,N/A,Oslo
No-MM_N2396,1894-04-02,N/A
No-MM_N2397,1913-09,N/A
No-MM_N2399,1895-07-26,Oslo
No-MM_N2400,1895-07-27,Oslo
No-MM_N2403,1905-11-06,N/A
No-MM_N2404,1921%1922,N/A
No-MM_N2405,1929-01,N/A
No-MM_N2406,1929-07,Oslo
No-MM_N2407,1929-07,N/A
No-MM_N2410,1918-10-28,Oslo
No-MM_N2411,1918-12,N/A
No-MM_N2412,1918-12,N/A
No-MM_N2413,1918-12,N/A
No-MM_N2414,1918-12,N/A
No-MM_N2415,1918%1919,N/A
No-MM_N2416,1919-01,N/A
No-MM_N2417,1923-12,N/A
No-MM_N2420,1896-06,N/A
No-MM_N2423,1928-12,N/A
No-MM_N2425,N/A,Oslo
No-MM_N2433,1926-11,N/A
No-MM_N2435,1927-01-02,N/A
No-MM_N2436,1927-01-02,Oslo
No-MM_N2437,1902-12,N/A
No-MM_N2438,1906-12%1907-01,Saaleck
No-MM_N2439,1906-12,N/A
No-MM_N2440,1922-12-11,N/A
No-MM_N2441,1911-07,N/A
No-MM_N2442,1909-01-06,N/A
No-MM_N2443,1908-11-18,N/A
No-MM_N2444,1909-11-23,N/A
No-MM_N2445,1907-04,N/A
No-MM_N2446,1909-01-08,N/A
No-MM_N2447,1906-12,N/A
No-MM_N2448,1906-03,N/A
No-MM_N2449,1906-03,N/A
No-MM_N2450,1906-08,N/A
No-MM_N2451,1906-07,N/A
No-MM_N2452,1912-01,N/A
No-MM_N2453,1914-09-13,Moss
No-MM_N2454,1913-11,N/A
No-MM_N2455,1914-04,N/A
No-MM_N2456,1913-11,N/A
No-MM_N2457,1926-01,N/A
No-MM_N2459,1926-01,N/A
No-MM_N2460,1926-01,N/A
No-MM_N2461,1926-01,N/A
No-MM_N2462,1926-04,N/A
No-MM_N2463,1927-02-07,N/A
No-MM_N2464,1927-02-07,N/A
No-MM_N2465,1924-12,N/A
No-MM_N2466,1924-02,N/A
No-MM_N2467,1926-04,N/A
No-MM_N2468,1929-04,N/A
No-MM_N2470,1929-08,N/A
No-MM_N2471,1906-03,N/A
No-MM_N2477,1926-11,N/A
No-MM_N2478,1926-11,N/A
No-MM_N2479,1926-11,N/A
No-MM_N2481,1908-11-18,N/A
No-MM_N2482,1928-06,N/A
No-MM_N2484,N/A,Hvitsten
No-MM_N2485,1924-02,N/A
No-MM_N2486,1924-02,N/A
No-MM_N2487,1918-12,N/A
No-MM_N2490,1930-02,N/A
No-MM_N2491,1930-02,N/A
No-MM_N2492,1930-02,N/A
No-MM_N2493,1930-02,N/A
No-MM_N2494,1930-02,N/A
No-MM_N2495,1930-02,N/A
No-MM_N2496,1930-02,N/A
No-MM_N2497,1930-02,N/A
No-MM_N2498,1915-01-01,N/A
No-MM_N2499,1932-12-17,Oslo
No-MM_N2503,1923-02,N/A
No-MM_N2504,1923-02,N/A
No-MM_N2508,1920-06,N/A
No-MM_N2509,1929-06,N/A
No-MM_N2510,1921-03-08,Oslo
No-MM_N2514,1930-02,N/A
No-MM_N2515,1906-08-03,Bad Kösen
No-MM_N2519,1909-01-02,København
No-MM_N2522,1908-05-10,N/A
No-MM_N2523,1908-06-27,N/A
No-MM_N2525,1908-11-29,N/A
No-MM_N2526,1906-07-02,N/A
No-MM_N2527,1905-08-28,Tårup
No-MM_N2528,1907-09-24,N/A
No-MM_N2529,1907-06-14,N/A
No-MM_N2532,1906-03-25,Bad Kösen
No-MM_N2533,1913-10,N/A
No-MM_N2534,1929-05-30,Oslo
No-MM_N2535,1931-02,N/A
No-MM_N2537,1929-11,N/A
No-MM_N2538,1931-12,N/A
No-MM_N2539,1932-08,N/A
No-MM_N2540,1927-01-03,Oslo
No-MM_N2541,1922-05-04,N/A
No-MM_N2548,1932-11-06,Oslo
No-MM_N2551,1907-02-26,N/A
No-MM_N2556,1906-05-08,N/A
No-MM_N2557,1906-05,N/A
No-MM_N2558,1906-12-17,Bad Kösen
No-MM_N2559,1906-11-24,Bad Kösen
No-MM_N2560,1906-09-04,N/A
No-MM_N2561,1906-11,N/A
No-MM_N2562,1906-09-03,Bad Kösen
No-MM_N2563,1906-05,N/A
No-MM_N2564,1906,N/A
No-MM_N2566,1906-11-24,N/A
No-MM_N2567,1906,N/A
No-MM_N2568,1906-12-11,Bad Kösen
No-MM_N2569,N/A,Bad Kösen
No-MM_N2573,1906-09-27,N/A
No-MM_N2575,1906-05-08,Bad Kösen
No-MM_N2588,1922-04-29,Bad Nauheim
No-MM_N2593,1906-08-03,N/A
No-MM_N2594,1926-08,N/A
No-MM_N2595,1926-08,N/A
No-MM_N2596,N/A,Oslo
No-MM_N2597,1922-04-28,Bad Nauheim
No-MM_N2601,1906-12-23,Bad Kösen
No-MM_N2602,N/A,Oslo
No-MM_N2608,1927-12-22,Oslo
No-MM_N2611,1926-04,Oslo
No-MM_N2612,1927%1933,N/A
No-MM_N2614,1929-02-24,Oslo
No-MM_N2615,1929-02-24,N/A
No-MM_N2621,1928-02,N/A
No-MM_N2625,1929-10,N/A
No-MM_N2627,1929-08,N/A
No-MM_N2629,1928-01-06,Oslo
No-MM_N2632,1928-01-06,Oslo
No-MM_N2637,1927-06,N/A
No-MM_N2644,1929-08,N/A
No-MM_N2648,1929-08,N/A
No-MM_N2649,1926-12,N/A
No-MM_N2650,1929-08,N/A
No-MM_N2651,1929-08,N/A
No-MM_N2655,1909-03-19,N/A
No-MM_N2659,1909-04,N/A
No-MM_N2663,1919-10,N/A
No-MM_N2664,1897-02-11,Paris
No-MM_N2665,1929-03-06,Oslo
No-MM_N2671,1929-08,N/A
No-MM_N2674,1913-02,N/A
No-MM_N2694,1910-09,N/A
No-MM_N2701,1930-02,N/A
No-MM_N2703,1930-02,N/A
No-MM_N2704,1930-02,N/A
No-MM_N2705,1930-02,N/A
No-MM_N2707,1926-11,N/A
No-MM_N2714,1906,N/A
No-MM_N2715,1911-02,N/A
No-MM_N2719,1922-03-02,Oslo
No-MM_N2723,1927-01,N/A
No-MM_N2724,1924-02-03,Oslo
No-MM_N2725,1911-02,N/A
No-MM_N2729,1924-12,N/A
No-MM_N2731,1929-08,N/A
No-MM_N2732,1929-11,N/A
No-MM_N2737,1925-06,N/A
No-MM_N2738,1912-01-05,N/A
No-MM_N2739,1913-12-25,Moss
No-MM_N2741,1913-06,N/A
No-MM_N2746,N/A,Bad Kösen
No-MM_N2747,1913-06,N/A
No-MM_N2750,N/A,Oslo
No-MM_N2752,1926-06,N/A
No-MM_N2753,1910-01-11,Kragerø
No-MM_N2754,1905,N/A
No-MM_N2755,1892-12,N/A
No-MM_N2757,1896-12-20,Paris
No-MM_N2760,1914,N/A
No-MM_N2761,1906-09,N/A
No-MM_N2763,1909-03-19,N/A
No-MM_N2766,1909-03-19,N/A
No-MM_N2770,1908-06,Warnemünde
No-MM_N2775,1913-08,N/A
No-MM_N2778,1931-12,N/A
No-MM_N2780,1908-11-08,København
No-MM_N2782,1926-11,N/A
No-MM_N2789,1895-01,N/A
No-MM_N2793,N/A,Oslo
No-MM_N2794,N/A,Oslo
No-MM_N2795,1901-11-11,N/A
No-MM_N2796,1901-09-25,N/A
No-MM_N2797,1901-09-25,N/A
No-MM_N2799,1902-12-03,N/A
No-MM_N2800,1903-09-29,Oslo
No-MM_N2801,1903-10-20,Berlin
No-MM_N2802,1903-11-13,Berlin
No-MM_N2803,1903-12-24,N/A
No-MM_N2804,1904-01-03,N/A
No-MM_N2805,1904-01-31,N/A
No-MM_N2806,1904-05-20,N/A
No-MM_N2807,1904-06-23,N/A
No-MM_N2808,1904-07-01,Åsgårdstrand
No-MM_N2809,1904-07-12,N/A
No-MM_N2810,1904-07-27,N/A
No-MM_N2811,1904-10-10,Oslo
No-MM_N2812,1904-10-25,N/A
No-MM_N2813,1904-11-12,N/A
No-MM_N2814,1904-11-10,Åsgårdstrand
No-MM_N2815,1904-11-20,Åsgårdstrand
No-MM_N2816,1904-11-25,Berlin
No-MM_N2817,1904-12-04,Lübeck
No-MM_N2818,1904-12-05,N/A
No-MM_N2819,1904-12-09,N/A
No-MM_N2820,1904-12-03,Lübeck
No-MM_N2821,1904-12-21,Hamburg
No-MM_N2822,1904-12-30,N/A
No-MM_N2823,1905-12-14,N/A
No-MM_N2824,1905-01-15,N/A
No-MM_N2825,1905-01-30,N/A
No-MM_N2826,1905-02-01,N/A
No-MM_N2827,1905-02-07,Berlin
No-MM_N2828,1905-02-10,N/A
No-MM_N2829,1905-03-02,N/A
No-MM_N2830,1905-08-03,N/A
No-MM_N2831,1905-08-11,N/A
No-MM_N2832,1905-08-19,Åsgårdstrand
No-MM_N2833,1905-08-30,N/A
No-MM_N2834,1905-09-26,N/A
No-MM_N2835,1905-09-24,Chemnitz
No-MM_N2836,1905-11-28,Bad Elgersburg
No-MM_N2837,1893-03-04,N/A
No-MM_N2838,1906-08-14,N/A
No-MM_N2839,1906-10-03,N/A
No-MM_N2840,1906-10-10,N/A
No-MM_N2841,1906-11-27,N/A
No-MM_N2842,1906-06-24,N/A
No-MM_N2843,1906-07-06,N/A
No-MM_N2844,1906-10-25,N/A
No-MM_N2845,1906-10-31,N/A
No-MM_N2846,1906-12-23,N/A
No-MM_N2847,1907-01-13,Berlin
No-MM_N2848,1907-01-20,N/A
No-MM_N2849,1907-01-30,Berlin
No-MM_N2850,1907-02-03,N/A
No-MM_N2851,1907-08-27,N/A
No-MM_N2852,1907-12-31,N/A
No-MM_N2853,1908-03-08,Berlin
No-MM_N2854,1908-03-12,N/A
No-MM_N2855,1908-05-07,N/A
No-MM_N2856,1908-10-25,København
No-MM_N2857,1908-12-17,København
No-MM_N2858,1908-05-14,Warnemünde
No-MM_N2859,1908-05-21,N/A
No-MM_N2860,1908-05-30,N/A
No-MM_N2861,1908-07-06,N/A
No-MM_N2862,1908-08-29,N/A
No-MM_N2863,1909-02-04,København
No-MM_N2864,1909-02-28,N/A
No-MM_N2865,1909-03-08,N/A
No-MM_N2866,1909-03-17,København
No-MM_N2867,1909-03-22,N/A
No-MM_N2868,1909-04-02,København
No-MM_N2869,1909-04-06,N/A
No-MM_N2870,1909-04-10,N/A
No-MM_N2871,1909-04-12,N/A
No-MM_N2872,1909-04-13,N/A
No-MM_N2873,1909-04-19,N/A
No-MM_N2874,1909-05-20,N/A
No-MM_N2875,1909-07-22,N/A
No-MM_N2876,1909-09-21,N/A
No-MM_N2877,1909-11-01,N/A
No-MM_N2878,1909-11-19,N/A
No-MM_N2879,1909-12-20,N/A
No-MM_N2880,1913-07-22,N/A
No-MM_N2881,1910-01-14,N/A
No-MM_N2882,1910-05-07,N/A
No-MM_N2883,1911-03-20,Hvitsten
No-MM_N2884,1912-01-21,N/A
No-MM_N2885,1912-02-13,N/A
No-MM_N2886,1912-10-22,N/A
No-MM_N2887,1912-11-16,N/A
No-MM_N2888,1912-12-31,N/A
No-MM_N2889,1913-04-06,N/A
No-MM_N2890,1913-03-06,N/A
No-MM_N2891,1913-07,N/A
No-MM_N2892,1914-03-23,N/A
No-MM_N2893,1914-10-28,N/A
No-MM_N2894,1914-11-20,N/A
No-MM_N2895,1914-11-24,N/A
No-MM_N2896,1914-12-02,N/A
No-MM_N2897,1915-01-10,N/A
No-MM_N2898,1917-11-30,N/A
No-MM_N2899,1919-07-31,N/A
No-MM_N2900,1919-08-08,N/A
No-MM_N2901,1922-10-18,N/A
No-MM_N2902,1920-10-05,N/A
No-MM_N2903,1920-10-07,N/A
No-MM_N2904,1920-10-13,N/A
No-MM_N2905,1920-12-29,Oslo
No-MM_N2906,1922-05-01,N/A
No-MM_N2907,1922-05-08,N/A
No-MM_N2908,1922-05-11,N/A
No-MM_N2909,1922-05-27,N/A
No-MM_N2910,1922-05-30,N/A
No-MM_N2911,1922-05-31,N/A
No-MM_N2912,1922-06-22,N/A
No-MM_N2913,1922-06-25,N/A
No-MM_N2914,1922-09-08,N/A
No-MM_N2915,1924-01-23,N/A
No-MM_N2916,1926-02-19,N/A
No-MM_N2917,1926-05-23,Oslo
No-MM_N2918,1926-05-26,N/A
No-MM_N2919,1926-12-26,N/A
No-MM_N2920,1927-03-12,N/A
No-MM_N2921,1927-10-13,N/A
No-MM_N2922,1913-03,N/A
No-MM_N2924,1927-06,N/A
No-MM_N2925,1927-06,N/A
No-MM_N2931,1920-07,Oslo
No-MM_N2933,N/A,Oslo
No-MM_N2934,1912-12,N/A
No-MM_N2949,N/A,Oslo
No-MM_N2950,N/A,Oslo
No-MM_N2955,N/A,Oslo
No-MM_N2956,N/A,Oslo
No-MM_N2962,N/A,Oslo
No-MM_N2967,N/A,Oslo
No-MM_N2968,N/A,Oslo
No-MM_N2977,1916%1917,N/A
No-MM_N2981,1916-12,N/A
No-MM_N2982,1916%1917,N/A
No-MM_N2983,1916%1917,N/A
No-MM_N2984,1916%1917,N/A
No-MM_N2985,1916%1917,N/A
No-MM_N3004,N/A,Lübeck
No-MM_N3005,1915-07-29,N/A
No-MM_N3006,N/A,Oslo
No-MM_N3007,1914-11-18,N/A
No-MM_N3008,1914-02-18,N/A
No-MM_N3010,1905-12,N/A
No-MM_N3014,1908-03-19,Warnemünde
No-MM_N3016,1912-05,N/A
No-MM_N3018,N/A,Oslo
No-MM_N3020,N/A,Oslo
No-MM_N3021,N/A,Oslo
No-MM_N3023,1908-05,N/A
No-MM_N3024,1908-11-22,København
No-MM_N3030,1908-05,N/A
No-MM_N3032,N/A,Oslo
No-MM_N3034,1892-02-20,Nice
No-MM_N3035,1891-01-22,Nice
No-MM_N3036,1892-02-08,Nice
No-MM_N3037,1892-03-05,Nice
No-MM_N3038,1892-04-01,N/A
No-MM_N3039,1892,N/A
No-MM_N3040,1892-07,N/A
No-MM_N3041,1892-07,N/A
No-MM_N3042,1899-11-24,N/A
No-MM_N3044,1902,N/A
No-MM_N3045,1902-11-29,N/A
No-MM_N3046,1903-01-06,N/A
No-MM_N3047,1903-01-30,N/A
No-MM_N3048,1906-01,N/A
No-MM_N3049,1906-02,N/A
No-MM_N3050,1906-02-25,N/A
No-MM_N3051,1906-06-25,N/A
No-MM_N3052,1907-04-19,Lübeck
No-MM_N3053,1908-03,N/A
No-MM_N3054,1908-03-29,N/A
No-MM_N3055,1908-03-31,N/A
No-MM_N3056,1908-11-14,N/A
No-MM_N3057,1908-11-19,N/A
No-MM_N3058,1908-11-21,N/A
No-MM_N3059,1908-12-01,N/A
No-MM_N3060,1909-05-14,N/A
No-MM_N3061,1909-05-17,N/A
No-MM_N3062,1909-10-17,N/A
No-MM_N3063,1909-12-23,N/A
No-MM_N3064,1909-10-28,Kragerø
No-MM_N3065,1909-06,N/A
No-MM_N3066,1910-05-03,N/A
No-MM_N3067,1910-09-30,N/A
No-MM_N3068,1912-05,N/A
No-MM_N3069,1913-12,N/A
No-MM_N3070,1913-02-15,N/A
No-MM_N3071,1915-11-17,N/A
No-MM_N3072,1915-05,N/A
No-MM_N3073,1913-06,N/A
No-MM_N3074,1915-10-07,N/A
No-MM_N3075,1917-10-22,N/A
No-MM_N3076,N/A,Oslo
No-MM_N3077,1920-06-10,Oslo
No-MM_N3078,1904-01-14,N/A
No-MM_N3079,1904-10-21,Åsgårdstrand
No-MM_N3080,1904-10-28,Åsgårdstrand
No-MM_N3081,1904-11-10,Åsgårdstrand
No-MM_N3082,1905-02,N/A
No-MM_N3084,1905-12,Bad Elgersburg
No-MM_N3085,1906-10,Bad Kösen
No-MM_N3086,1907-11-09,N/A
No-MM_N3087,1908-01-07,N/A
No-MM_N3088,1908-11,N/A
No-MM_N3089,1909-04,N/A
No-MM_N3090,1909-04,N/A
No-MM_N3091,1909-12,N/A
No-MM_N3092,1909-12%1910-01,N/A
No-MM_N3094,1912-02,N/A
No-MM_N3095,1912-02-14,N/A
No-MM_N3096,1912-02,N/A
No-MM_N3097,1912-04,N/A
No-MM_N3098,1927-12-29,N/A
No-MM_N3100,1927-10,N/A
No-MM_N3101,1932-12-29,Åsgårdstrand
No-MM_N3102,N/A,Åsgårdstrand
No-MM_N3121,1932-01,N/A
No-MM_N3124,N/A,Oslo
No-MM_N3125,N/A,Oslo
No-MM_N3128,N/A,Oslo
No-MM_N3129,1907-12-21,N/A
No-MM_N3130,1907-12-12,N/A
No-MM_N3131,1907-11-21,N/A
No-MM_N3132,1907-11-14,N/A
No-MM_N3133,1907-11-13,N/A
No-MM_N3134,1907-10-14,N/A
No-MM_N3135,1907-09-17,N/A
No-MM_N3136,1908-01-04,N/A
No-MM_N3137,1908-02-23,N/A
No-MM_N3138,1908-02-26,Paris
No-MM_N3139,1908-12-14,København
No-MM_N3140,1908-12-21,N/A
No-MM_N3141,1908-12-18,N/A
No-MM_N3142,1909-01-08,København
No-MM_N3143,1906-05-05,N/A
No-MM_N3144,1906-04-02,N/A
No-MM_N3145,1906-03-21,Bad Kösen
No-MM_N3146,1906-01-28,N/A
No-MM_N3147,1906-01-19,N/A
No-MM_N3148,1905-08-12,N/A
No-MM_N3149,1905-12-25,Bad Elgersburg
No-MM_N3150,1905-10-02,N/A
No-MM_N3151,1905-05-02,Åsgårdstrand
No-MM_N3152,1905-04-17,N/A
No-MM_N3153,1905-04-04,N/A
No-MM_N3154,1905-04-04,N/A
No-MM_N3155,1905-04-03,N/A
No-MM_N3156,1905-04-03,N/A
No-MM_N3157,1905-03-29,N/A
No-MM_N3158,1905-02-27,N/A
No-MM_N3159,1905-03-02,Hamburg
No-MM_N3160,1905-02-06,N/A
No-MM_N3161,1905-02-02,Praha
No-MM_N3162,1905-01-18,Lübeck
No-MM_N3163,1909-07-01,N/A
No-MM_N3164,1911-01-06,N/A
No-MM_N3165,1910-04-03,N/A
No-MM_N3166,1910-10-25,Kragerø
No-MM_N3167,1910-12-10,Kragerø
No-MM_N3168,1905-01-12,N/A
No-MM_N3169,1905-01-08,N/A
No-MM_N3170,1911-08-26,Hvitsten
No-MM_N3171,1911-09,Hvitsten
No-MM_N3172,1904-12-09,Lübeck
No-MM_N3173,1911-10-13,N/A
No-MM_N3174,1912-01-13,N/A
No-MM_N3175,1904-12-09,Lübeck
No-MM_N3176,1904-08-28,Åsgårdstrand
No-MM_N3177,1912-01-27,N/A
No-MM_N3178,1904-08-19,N/A
No-MM_N3179,1912-03-08,N/A
No-MM_N3180,1912-03-25,N/A
No-MM_N3181,1912-03-18,N/A
No-MM_N3182,1912-03-06,N/A
No-MM_N3183,1912-06-11,N/A
No-MM_N3184,1912-06-29,Hvitsten
No-MM_N3185,1912-07-08,N/A
No-MM_N3186,1912-08-28,N/A
No-MM_N3187,1912-08-26,N/A
No-MM_N3188,1912-11-30,N/A
No-MM_N3189,1904-08-01,Åsgårdstrand
No-MM_N3190,1912-11-10,N/A
No-MM_N3191,1912-02-26,N/A
No-MM_N3192,1904-07-21,Åsgårdstrand
No-MM_N3193,1904-06-07,N/A
No-MM_N3194,1904-05-30,Åsgårdstrand
No-MM_N3195,1904-04-29,N/A
No-MM_N3196,1912-11-11,Hvitsten
No-MM_N3197,1904-07-05,N/A
No-MM_N3198,1904-04-25,N/A
No-MM_N3199,1904-04-04,N/A
No-MM_N3200,1904-03-18,N/A
No-MM_N3201,1912-11-27,N/A
No-MM_N3202,1912-12-12,N/A
No-MM_N3203,1912-07-08,Hvitsten
No-MM_N3204,1904-03-21,N/A
No-MM_N3205,1904-02-19,Paris
No-MM_N3206,1904-02-14,Paris
No-MM_N3207,1904-02-07,N/A
No-MM_N3208,1904-02-03,N/A
No-MM_N3209,1904-01-04,N/A
No-MM_N3210,1904-01-25,Berlin
No-MM_N3211,1903-12-22,N/A
No-MM_N3212,1902-02-02,N/A
No-MM_N3213,1902-01-24,N/A
No-MM_N3214,1912-12,N/A
No-MM_N3215,1913-01-23,N/A
No-MM_N3216,1913-03-15,N/A
No-MM_N3217,1913-03-17,N/A
No-MM_N3218,1913-04-26,N/A
No-MM_N3219,1913-04-28,N/A
No-MM_N3220,1903-02-04,Berlin
No-MM_N3221,1913-02,N/A
No-MM_N3222,N/A,Kragerø
No-MM_N3224,1914-02-03,N/A
No-MM_N3225,1914-01-17,N/A
No-MM_N3226,1914-03-27,N/A
No-MM_N3227,1913-12-27,N/A
No-MM_N3229,1912-12-13,N/A
No-MM_N3231,1913-06,N/A
No-MM_N3232,1912-01-20,Kragerø
No-MM_N3233,1911-10-09,N/A
No-MM_N3235,1913-12-12,Halden
No-MM_N3236,1909-12,N/A
No-MM_N3237,1910-01-15,N/A
No-MM_N3238,1914-06,N/A
No-MM_N3239,1914-06-29,N/A
No-MM_N3240,1914-12,N/A
No-MM_N3241,1915-05,N/A
No-MM_N3242,1916%1917,N/A
No-MM_N3243,1915-02,N/A
No-MM_N3244,1915-04-16,N/A
No-MM_N3245,1919-06-27,N/A
No-MM_N3246,N/A,Åsgårdstrand
No-MM_N3251,N/A,Oslo
No-MM_N3257,1909-03-31,N/A
No-MM_N3258,1909-04-17,N/A
No-MM_N3259,1909-04-14,København
No-MM_N3260,1909-05-19,N/A
No-MM_N3261,1909-05-29,N/A
No-MM_N3262,1909-05,N/A
No-MM_N3263,1909-06-08,N/A
No-MM_N3264,1909-07-13,N/A
No-MM_N3265,1909-07-14,Kragerø
No-MM_N3266,1909-09-14,N/A
No-MM_N3267,1909-11-02,N/A
No-MM_N3268,1909-11-17,N/A
No-MM_N3269,1910-04-03,N/A
No-MM_N3270,1910-06,N/A
No-MM_N3272,1909-05,Kragerø
No-MM_N3273,1915-04,Kragerø
No-MM_N3274,1909-12,N/A
No-MM_N3275,1911-08-29,N/A
No-MM_N3277,N/A,Oslo
No-MM_N3279,1902-02-03,N/A
No-MM_N3280,1902-02-03,N/A
No-MM_N3281,1902-02-03,N/A
No-MM_N3282,1902-02-03,N/A
No-MM_N3283,1902-02-03,N/A
No-MM_N3284,1902-02-03,N/A
No-MM_N3285,1902-02-08,N/A
No-MM_N3286,1902-02-10,N/A
No-MM_N3287,1902-02-10,N/A
No-MM_N3291,N/A,Oslo
No-MM_N3298,N/A,Oslo
No-MM_N3299,N/A,Oslo
No-MM_N3300,N/A,Oslo
No-MM_N3303,N/A,Oslo
No-MM_N3304,N/A,Oslo
No-MM_N3305,N/A,Oslo
No-MM_N3307,N/A,Oslo
No-MM_N3308,1912-02,N/A
No-MM_N3316,1894,N/A
No-MM_N3317,1895-03,N/A
No-MM_N3318,1896-04-09,Paris
No-MM_N3319,1924-01-19,Oslo
No-MM_N3320,N/A,Oslo
No-MM_N3321,N/A,Oslo
No-MM_N3322,1907-04-19,København
No-MM_N3323,1907-12-03,N/A
No-MM_N3324,1906-11-29,N/A
No-MM_N3325,1894-09-15,N/A
No-MM_N3326,1906-10-20,N/A
No-MM_N3327,1907-08-16,N/A
No-MM_N3328,1929-09,N/A
No-MM_N3329,1931-11-23,Oslo
No-MM_N3330,N/A,Oslo
No-MM_N3332,1906-09-01,Bad Kösen
No-MM_N3333,1906-08,Ilmenau
No-MM_N3334,1906-11-17,N/A
No-MM_N3335,1906-10,N/A
No-MM_N3336,1906-12%1907-01,N/A
No-MM_N3337,1906-10-27,N/A
No-MM_N3338,1906-09-11,Bad Kösen
No-MM_N3339,1906-10-04,Bad Kösen
No-MM_N3340,1905-01-29,N/A
No-MM_N3342,1921-10-05,N/A
No-MM_N3343,1932-04-25,Oslo
No-MM_N3344,1908,N/A
No-MM_N3346,1928-02,Oslo
No-MM_N3347,1927-01-02,Oslo
No-MM_N3348,1927-10,N/A
No-MM_N3349,1923-10,N/A
No-MM_N3350,1923-10,N/A
No-MM_N3353,1900-12,N/A
No-MM_N3356,1928-01-26,Oslo
No-MM_N3360,1906-05,N/A
No-MM_N3361,1907-02-26,N/A
No-MM_N3362,1906-08-04,Bad Kösen
No-MM_N3369,N/A,Oslo
No-MM_N3370,1926-08-12,N/A
No-MM_N3371,1925-12,N/A
No-MM_N3375,1904-03,N/A
No-MM_N3376,1932-02,N/A
No-MM_N3377,1932-10-18,Oslo
No-MM_N3378,1932-05-30,N/A
No-MM_N3379,1929-08,N/A
No-MM_N3380,1929-08,N/A
No-MM_N3381,1926-04-08,Oslo
No-MM_N3382,1926-04-16,N/A
No-MM_N3383,1926-04-15,N/A
No-MM_N3384,N/A,Oslo
No-MM_N3385,1926-04-21,Oslo
No-MM_N3386,1926-04-25,Oslo
No-MM_N3387,1926-04-27,Oslo
No-MM_N3388,1926-05-13,Oslo
No-MM_N3389,1926-05-30,N/A
No-MM_N3390,1926-06-10,Wiesbaden
No-MM_N3391,1928-03-29,Oslo
No-MM_N3396,1927-01,N/A
No-MM_N3397,1927-10,N/A
No-MM_N3399,1896-04,N/A
No-MM_N3400,1896%1897,N/A
No-MM_N3402,1923-10-29,Oslo
No-MM_N3410,1910-06,N/A
No-MM_N3411,1910-06,N/A
No-MM_N3413,1897-08-02,N/A
No-MM_N3414,1897,N/A
No-MM_N3416,1898-07,N/A
No-MM_N3418,1913-09-05,Moss
No-MM_N3420,1904-05,N/A
No-MM_N3421,1922-04,N/A
No-MM_N3422,1920-01-15,Oslo
No-MM_N3426,1926-11,N/A
No-MM_N3427,1925-07,N/A
No-MM_N3428,1921-10-05,Oslo
No-MM_N3429,1913-11,N/A
No-MM_N3430,1921-01,N/A
No-MM_N3431,1922-08,N/A
No-MM_N3433,1926-11,N/A
No-MM_N3434,1926-11,N/A
No-MM_N3435,1926-11,N/A
No-MM_N3436,1926-11,N/A
No-MM_N3444,1932-05-30,Oslo
No-MM_N3445,1927-03-12,N/A
No-MM_N3446,1929-03-06,Oslo
No-MM_N3447,1927-04,N/A
No-MM_N3448,1927-04-01,N/A
No-MM_N3449,1927-06,N/A
No-MM_N3450,N/A,Oslo
No-MM_N3451,1917-07,N/A
No-MM_N3453,1926-12-29,Oslo
No-MM_N3454,1909-11-16,Kragerø
No-MM_N3456,1926-11,N/A
No-MM_N3457,1928-01-06,Oslo
No-MM_N3458,1927-06,N/A
No-MM_N3461,1902-02,N/A
No-MM_N3463,N/A,Bad Kösen
No-MM_N3464,1906-12-11,N/A
No-MM_N3465,1927-10,N/A
No-MM_N3466,1927-10,N/A
No-MM_N3467,1912-01-05,N/A
No-MM_N3468,1906-08-03,N/A
No-MM_N3471,1906-05,N/A
No-MM_N3472,1906-11,N/A
No-MM_N3475,1926-10,N/A
No-MM_N3477,1905-11-17,N/A
No-MM_N3478,1925-05,Oslo
No-MM_N3480,1927-01-07,N/A
No-MM_N3481,1927-01,N/A
No-MM_N3482,1927-01,N/A
No-MM_N3483,1927-01-07,N/A
No-MM_N3484,1929-01,N/A
No-MM_N3485,1928-09-17,N/A
No-MM_N3486,1911-08-10,N/A
No-MM_N3489,1893-03,N/A
No-MM_N3490,1892-12,N/A
No-MM_N3491,1923-05-17,N/A
No-MM_N3492,N/A,Vestre Aker
No-MM_N3493,1890-12-22,Le Havre
No-MM_N3495,1906-12%1907-01,Bad Kösen
No-MM_N3496,1925-08,N/A
No-MM_N3497,1902-01-02,N/A
No-MM_N3498,1914-05-19,N/A
No-MM_N3499,1902-05-07,N/A
No-MM_N3500,1929-02,N/A
No-MM_N3501,1911-03-02,N/A
No-MM_N3502,N/A,Oslo
No-MM_N3503,N/A,Oslo
No-MM_N3510,1882-06,N/A
No-MM_N3511,1884-02,N/A
No-MM_N3512,1918-04-30,N/A
No-MM_N3513,1918-11-27,N/A
No-MM_N3514,1909-07-18,Kragerø
No-MM_N3515,1914-03,N/A
No-MM_N3516,N/A,Nice
No-MM_N3527,N/A,Göteborg
No-MM_N3542,N/A,Oslo
No-MM_N3550,N/A,Oslo
No-MM_N3551,N/A,Vestre Aker
No-MM_N3552,N/A,Oslo
No-MM_N3553,N/A,Vestre Aker
No-MM_N3557,N/A,Oslo
No-MM_N3558,N/A,Oslo
No-MM_N3564,N/A,Oslo
No-MM_N3569,N/A,Oslo
No-MM_N3570,N/A,Oslo
No-MM_N3572,N/A,Oslo
No-MM_N3574,N/A,Oslo
No-MM_N3577,N/A,Oslo
No-MM_N3638,N/A,Vestre Aker
No-MM_N3639,N/A,Oslo
No-MM_N3640,N/A,Oslo
No-MM_N3642,N/A,Oslo
No-MM_N3644,1886-10-04,Oslo
No-MM_N3646,N/A,Oslo
No-MM_N3647,1927-01-05,N/A
No-MM_N3648,1930-08,N/A
No-MM_N3649,1893-08,N/A
No-MM_N3650,1912-01-03,N/A
No-MM_N3655,N/A,Oslo
No-MM_N3661,N/A,Oslo
No-MM_N3662,N/A,Oslo
No-MM_N3663,1892-12,N/A
No-MM_N3664,1892-01-02,Nice
No-MM_N3665,1887-09-30,Oslo
No-MM_N3666,1891-02,N/A
No-MM_N3667,1891-02-03,Nice
No-MM_N3668,N/A,Oslo
No-MM_N3669,N/A,Oslo
No-MM_N3671,1908-05,N/A
No-MM_N3672,1929-02,N/A
No-MM_N3677,1918-06-13,N/A
No-MM_N3678,1889-06,N/A
No-MM_N3679,1893-03-16,Berlin
No-MM_N3685,1891-04,N/A
No-MM_N3712,1930-04,N/A
No-MM_N3751,1931-06-07,N/A
No-MM_N3752,1931-06,N/A
No-MM_N3774,1904-09-28,N/A
No-MM_N3786,1922-02,N/A
No-MM_N3798,1929-01-14,N/A
No-MM_N923 ,1922-05,N/A
No-MM_T0271,1928-11-20,N/A
No-MM_T2514,1906-10-23,N/A
No-MM_T2810,1890-01-24,N/A
No-MM_T2899,1892-03,N/A
No-MM_n2702,1930-02,N/A
PN0006,1932-09-09,Oslo
PN0013,1909-03,N/A
PN0014,1916-01-03,N/A
PN0017,1893,N/A
PN0018,1893-12-05,N/A
PN0019,1893-11%1894-02,N/A
PN0020,1893-02-08,N/A
PN0021,1893-05,N/A
PN0022,1898-03,N/A
PN0023,1898-03,N/A
PN0024,1898-03,N/A
PN0025,1905-07-26,N/A
PN0026,1908-12-04,N/A
PN0027,1907-02-11,N/A
PN0028,1910-12-15,N/A
PN0030,1910-01-14,N/A
PN0031,1909-07-14,N/A
PN0032,1930-12-22,N/A
PN0033,1897-07,N/A
PN0035,1907-01-09,N/A
PN0036,1907-01,N/A
PN0040,1932-05-22,N/A
PN0041,1928,N/A
PN0043,1895-07-23,N/A
PN0044,1897-08-22,N/A
PN0045,1896%1897,N/A
PN0046,1897-11,N/A
PN0050,1905-10-26,N/A
PN0051,1905-11-04,N/A
PN0052,1905-11-04,N/A
PN0053,1905-11-09,N/A
PN0054,1905-11-10,N/A
PN0055,1905-11-15,N/A
PN0056,1905-11-27,N/A
PN0057,1905-11-30,N/A
PN0058,1905-12-02,N/A
PN0059,1905-12,N/A
PN0060,1905-12-14,N/A
PN0061,1905-12-18,N/A
PN0062,1906-01,N/A
PN0063,1906-02,N/A
PN0064,1906-02,N/A
PN0065,1906-02,N/A
PN0066,1906-02,N/A
PN0067,1906-02,N/A
PN0068,1906-02,N/A
PN0069,1906-02,N/A
PN0070,1906-02-11,N/A
PN0071,1906,N/A
PN0072,1906-02,N/A
PN0073,1906,N/A
PN0074,1906-05,N/A
PN0075,1906-07,N/A
PN0076,1906-06,N/A
PN0077,1906-08,N/A
PN0079,1906-09-26,N/A
PN0080,1906-09-29,N/A
PN0081,1906,N/A
PN0082,1906-12,N/A
PN0083,1906-12,N/A
PN0085,1907-10-13,N/A
PN0086,1907-09-20,N/A
PN0087,1908-06-12,N/A
PN0088,1910-01-01,N/A
PN0089,1909-05-17,N/A
PN0090,1909-03-18,N/A
PN0091,1908-05,N/A
PN0092,1931-02,N/A
PN0093,1931-01,N/A
PN0094,1931-01,N/A
PN0095,1931-02-18,N/A
PN0096,1931-02-18,N/A
PN0097,1931-02,N/A
PN0099,1931-03-25,N/A
PN0100,1931-04-27,N/A
PN0101,1930-07-01,N/A
PN0102,1931-12-20,N/A
PN0103,1909-07-17,N/A
PN0104,1909-07-29,N/A
PN0105,1909-09-09,N/A
PN0106,1909-10-03,N/A
PN0107,1909-11-28,N/A
PN0108,1910-08-03,N/A
PN0109,1910-08-19,N/A
PN0110,1910-10-22,N/A
PN0111,1911-01-06,N/A
PN0112,1911-02-13,N/A
PN0113,1912-08-03,N/A
PN0114,1912-10-14,N/A
PN0115,1912-11-14,N/A
PN0116,1912-11-15,N/A
PN0117,1912-11-21,N/A
PN0118,1912-11-22,N/A
PN0119,1912-11-26,N/A
PN0120,1913-01-06,N/A
PN0121,1913-04-26,N/A
PN0122,1913-04-15,N/A
PN0123,1913-06-05,N/A
PN0124,1913-02-17,N/A
PN0125,1913-02-21,N/A
PN0126,1914-02-06,N/A
PN0127,1914-02-22,N/A
PN0128,1914-03-07,N/A
PN0129,1914-02-22,N/A
PN0130,1914-05-12,N/A
PN0131,1922-05-27,N/A
PN0132,1932-08-01,N/A
PN0133,1932-08-03,N/A
PN0134,1932-10-16,N/A
PN0135,1903-01-07,N/A
PN0136,1903-02-11,N/A
PN0138,1903-03-16,N/A
PN0139,1903-03-21,N/A
PN0140,1903-03-24,N/A
PN0141,1903-03,N/A
PN0142,1903-04-05,N/A
PN0143,1903-06,N/A
PN0144,1903-07-03,N/A
PN0145,1903-09-25,N/A
PN0146,1904-04-08,N/A
PN0147,1905-06-12,N/A
PN0148,1905-07,N/A
PN0149,1905-07-26,N/A
PN0150,1905-08-04,N/A
PN0151,1905-12-25,N/A
PN0152,1906-04,N/A
PN0153,1906-04,N/A
PN0154,1906-06-15,N/A
PN0155,1906-06-21,N/A
PN0156,1908-07-29,N/A
PN0158,1914-09-08,N/A
PN0159,1920-07-02,N/A
PN0160,1921-06-08,N/A
PN0161,1921-10-08,N/A
PN0162,1921-12-28,N/A
PN0163,1922-05-24,N/A
PN0164,1925-09-24,N/A
PN0165,1925-10-26,N/A
PN0166,1926-04-24,N/A
PN0167,1926-07-10,N/A
PN0168,1927-12-27,N/A
PN0169,1928-12-27,N/A
PN0170,1902-12-19,N/A
PN0171,1902-12-25,N/A
PN0172,1931-02-03,N/A
PN0173,1932-06-04,N/A
PN0175,1915-02-20,N/A
PN0182,1901-12-14,N/A
PN0183,1901-12-09,N/A
PN0184,1901-12,N/A
PN0185,1901-12-20,Berlin
PN0186,1902-02-07,Berlin
PN0187,1902-03-18,Berlin
PN0188,1901-12,N/A
PN0189,1905-12-02,Bad Elgersburg
PN0190,1901-11,N/A
PN0191,1902-07-18,Åsgårdstrand
PN0192,1912-02,N/A
PN0193,1895-07-15,N/A
PN0194,1910-03-18,N/A
PN0195,1888-08-06,N/A
PN0202,1922-12,N/A
PN0203,1896-01,N/A
PN0205,1911-10,N/A
PN0206,1911-09-23,N/A
PN0207,1913-12-27,N/A
PN0209,1896-06,N/A
PN0210,1896-03-31,N/A
PN0211,1890-11-21,N/A
PN0223,N/A,Oslo
PN0224,N/A,Oslo
PN0228,N/A,Oslo
PN0229,N/A,Oslo
PN0232,N/A,Oslo
PN0233,N/A,Oslo
PN0235,N/A,Oslo
PN0238,N/A,Oslo
PN0239,N/A,Oslo
PN0240,N/A,Oslo
PN0243,N/A,Oslo
PN0244,N/A,Oslo
PN0245,N/A,Oslo
PN0246,N/A,Oslo
PN0247,N/A,Oslo
PN0248,1901-04-24,N/A
PN0249,1901-04-26,N/A
PN0250,1911-08-01,Oslo
PN0251,1914-03,N/A
PN0252,1909-11,N/A
PN0254,1909-12,N/A
PN0256,N/A,Oslo
PN0257,1929-11-15,N/A
PN0258,1915-07-14,N/A
PN0259,N/A,Oslo
PN0261,1905-02,N/A
PN0262,1902-04,N/A
PN0263,1892-09-13,N/A
PN0264,1892-11-11,Berlin
PN0265,1892-11-16,N/A
PN0266,1896-06-29,Paris
PN0267,1896-07-25,Paris
PN0268,1896-08-07,N/A
PN0269,1906-03-19,Bad Kösen
PN0270,1908-03-24,N/A
PN0271,1913-01,N/A
PN0275,1898-07,N/A
PN0276,1895-03-28,N/A
PN0278,1904-07-18,N/A
PN0281,1904-10-20,N/A
PN0282,1905-01,N/A
PN0283,1927-06-02,N/A
PN0284,1892-06,N/A
PN0285,1892-07-20,N/A
PN0286,1902-08-13,N/A
PN0287,1902-09,N/A
PN0288,1908-12-16,N/A
PN0289,1904-09-28,Åsgårdstrand
PN0291,1927-10,N/A
PN0294,1929-08-01,N/A
PN0295,1913-12-28,N/A
PN0297,1895-05-14,N/A
PN0298,1927-12-22,Oslo
PN0299,1911-01-10,N/A
PN0302,1932-06-03,N/A
PN0303,1884-12-14,Oslo
PN0304,1909-02,N/A
PN0305,1926-08-18,Oslo
PN0306,1913-01-02,N/A
PN0308,1902-10,N/A
PN0309,N/A,Oslo
PN0310,N/A,Oslo
PN0313,1919-03-28,N/A
PN0314,1910-09-12,N/A
PN0315,1918-06,N/A
PN0316,1922-12,N/A
PN0317,1901-09-22,N/A
PN0318,1931-05-15,Oslo
PN0320,N/A,Oslo
PN0323,N/A,Oslo
PN0325,N/A,Oslo
PN0326,N/A,Oslo
PN0328,1908-11,N/A
PN0329,1921-01-02,N/A
PN0330,1926-05-10,N/A
PN0331,1926-12-31,N/A
PN0332,1930-12-23,Oslo
PN0333,1931-12-23,N/A
PN0334,1902-12-30,N/A
PN0335,1903-01-30,N/A
PN0336,1903-02-05,N/A
PN0337,1903-01-21,N/A
PN0338,1903-05-20,N/A
PN0339,1903-05-27,N/A
PN0340,1903-08,N/A
PN0341,1903-10,N/A
PN0342,1903-10-20,N/A
PN0343,1903-11,N/A
PN0344,1903-11,N/A
PN0345,1903-11-27,N/A
PN0346,1904-01-02,N/A
PN0347,1904-02-02,N/A
PN0348,1904-02,N/A
PN0349,1904-03,N/A
PN0350,1904-03-09,N/A
PN0351,1904-03-21,N/A
PN0352,1904-03-18,N/A
PN0353,1904-04-29,N/A
PN0354,1904-05,N/A
PN0355,1904-04-27,N/A
PN0356,1904-05,N/A
PN0357,1904-07-06,N/A
PN0358,1904-07-02,N/A
PN0359,1904-07-15,N/A
PN0360,1904-12-30,N/A
PN0361,1905-01-07,N/A
PN0362,1905-01-08,N/A
PN0363,1905-01-15,N/A
PN0364,1905-01,N/A
PN0365,1905-01-30,N/A
PN0366,1905-02-14,N/A
PN0367,1905-03,N/A
PN0368,1905-04,N/A
PN0369,1905-05,N/A
PN0370,1905-06,N/A
PN0371,1905-07,N/A
PN0372,1905-08-26,N/A
PN0373,1905-11-09,N/A
PN0374,1905-11-29,N/A
PN0375,1905-12-17,N/A
PN0376,1905-12-19,N/A
PN0377,1905-12-31,N/A
PN0378,1905-12-31,N/A
PN0379,1906-01-06,N/A
PN0380,1906-01-07,N/A
PN0381,1906-01,N/A
PN0382,1906-01,N/A
PN0383,1906-01,N/A
PN0384,1906-02,N/A
PN0385,1906-02,N/A
PN0386,1906-02-19,N/A
PN0387,1906-02-24,N/A
PN0388,1906-02,N/A
PN0389,1906-02-27,N/A
PN0390,1906-03-06,N/A
PN0391,1906-03-10,N/A
PN0392,1906-03-15,N/A
PN0393,1906-03-16,N/A
PN0394,1906-03,N/A
PN0395,1906-03-23,N/A
PN0396,1906-03,N/A
PN0397,1906-04,N/A
PN0398,1906-04-16,N/A
PN0399,1906-05-01,N/A
PN0400,1906-05,N/A
PN0401,1906-05,N/A
PN0402,1906-05,N/A
PN0403,1906-06,N/A
PN0404,1906-06-12,N/A
PN0405,1906-06,N/A
PN0406,1906-07-07,N/A
PN0407,1906-07,N/A
PN0408,1906-07-26,N/A
PN0409,1906-08-02,N/A
PN0411,1906-09-04,N/A
PN0412,1906-09-09,N/A
PN0413,1906-09,N/A
PN0414,1906-09-27,N/A
PN0415,1906-10-14,N/A
PN0416,1906-10,N/A
PN0417,1906-10-31,N/A
PN0418,1906-11-05,N/A
PN0419,1906-11,N/A
PN0420,1905-12,N/A
PN0421,1906-11-26,N/A
PN0422,1906-12,N/A
PN0423,1906-12,N/A
PN0424,1906-12,N/A
PN0426,1906-12,N/A
PN0428,1907-04-21,N/A
PN0429,1907-01,N/A
PN0430,1907-01-15,N/A
PN0431,1907-01,N/A
PN0432,1907-01,N/A
PN0433,1907-03-01,N/A
PN0434,1907-03,N/A
PN0435,1907-03,N/A
PN0436,1907-03-03,N/A
PN0437,1907-04,N/A
PN0438,1907-03-25,N/A
PN0439,1907-04,N/A
PN0440,1907-04,N/A
PN0441,1907-04-14,N/A
PN0442,1907-05-21,N/A
PN0443,1907-06-13,N/A
PN0444,1907-06-18,N/A
PN0445,1907-08-02,N/A
PN0446,1907-08-05,N/A
PN0447,1907-08,N/A
PN0448,1907-09-08,N/A
PN0449,1907-09-24,N/A
PN0450,1907-09-25,N/A
PN0451,1907-10-07,N/A
PN0452,1907-10-29,N/A
PN0453,1907-11-08,N/A
PN0454,1907-11-25,N/A
PN0455,1907-12-22,N/A
PN0456,1907-12-27,N/A
PN0457,1907-12-28,N/A
PN0458,1908-02-23,N/A
PN0459,1908-03-24,N/A
PN0460,1908-04-06,N/A
PN0461,1908-04-12,N/A
PN0462,1908-04-18,N/A
PN0463,1908-04-18,N/A
PN0464,1908-04-20,N/A
PN0465,1908-04-23,N/A
PN0466,1908-04-27,N/A
PN0467,1908-04-28,N/A
PN0468,1908-04-29,N/A
PN0469,1908-05-07,N/A
PN0470,1908-05-09,N/A
PN0472,1908-05-13,N/A
PN0473,1908-05-14,N/A
PN0474,1908-05-18,N/A
PN0475,1908-05-18,N/A
PN0476,1908-05,N/A
PN0477,1908-06,N/A
PN0478,1908-06-26,N/A
PN0479,1908-08-07,N/A
PN0480,1908-08-15,N/A
PN0481,1908-08,N/A
PN0482,1908-08-26,N/A
PN0483,1908-09,N/A
PN0484,1908-09-15,N/A
PN0485,1908-09,N/A
PN0486,1908-10,N/A
PN0487,1908-10,N/A
PN0488,1908-10,N/A
PN0489,1908-10-28,N/A
PN0490,1908-11-01,N/A
PN0491,1908-11-04,N/A
PN0492,1908-11-07,N/A
PN0493,1908-11-11,N/A
PN0494,1908-11-27,N/A
PN0495,1908-11-18,N/A
PN0496,1908-11-23,N/A
PN0497,1908-12,N/A
PN0498,1908-11-28,N/A
PN0499,1908-12,N/A
PN0500,1908-12-03,N/A
PN0501,1908-12-03,N/A
PN0502,1907-10,N/A
PN0503,1908-12-03,N/A
PN0504,1908-12-13,N/A
PN0505,1908-12-14,N/A
PN0506,1908-12,N/A
PN0507,1908-12-16,N/A
PN0508,1908-12,N/A
PN0509,1909-01-06,N/A
PN0510,1909-01-07,N/A
PN0511,1909-01-08,N/A
PN0512,1909-01-10,N/A
PN0513,1909-01-12,N/A
PN0514,1909-01-15,N/A
PN0515,1909-01,N/A
PN0516,1909-01,N/A
PN0517,1909-01,N/A
PN0518,1909-02-01,N/A
PN0519,1909-02-01,N/A
PN0520,1909-02,N/A
PN0521,1909-04-02,N/A
PN0522,1909-04-13,N/A
PN0523,1909-05-01,N/A
PN0524,1909-05-04,N/A
PN0525,1909-05-11,N/A
PN0526,1909-05,N/A
PN0527,1909-05-30,N/A
PN0528,1909-06-10,N/A
PN0529,1909-06-18,N/A
PN0530,1909-06-25,N/A
PN0531,1909-08-18,N/A
PN0532,1909-09-24,N/A
PN0533,1909-11-08,N/A
PN0534,1909-11-11,N/A
PN0535,1909-11-13,N/A
PN0536,1909-11-23,N/A
PN0537,1909-12-03,N/A
PN0538,1909-12-26,N/A
PN0539,1910-01-13,N/A
PN0540,1910-03,N/A
PN0541,1910-04-12,N/A
PN0542,1910-05-05,N/A
PN0543,1910-05-11,N/A
PN0544,1910-05-28,N/A
PN0545,1910-11-06,N/A
PN0546,1910-11-13,N/A
PN0547,1910-12-12,N/A
PN0548,1910-12-16,N/A
PN0549,1911-01-10,N/A
PN0550,1911-01-17,N/A
PN0551,1911-01-26,N/A
PN0552,1911-02-02,N/A
PN0553,1911-02,N/A
PN0554,1911-04-08,N/A
PN0555,1911-07-21,N/A
PN0556,1911-09,N/A
PN0557,1911-08-29,N/A
PN0558,1911-11-01,N/A
PN0559,1911-11-16,N/A
PN0560,1911-12-01,N/A
PN0561,1911-12-19,N/A
PN0562,1911-12-23,N/A
PN0563,1912-01-03,N/A
PN0564,1912-02-16,N/A
PN0565,1912-02-17,N/A
PN0566,1912-01-18,N/A
PN0567,1912-01,N/A
PN0568,1912-01,N/A
PN0569,1912-01,N/A
PN0570,1912-02-20,N/A
PN0571,1912-03-25,N/A
PN0572,1912-05,N/A
PN0573,1912-05-23,N/A
PN0574,1912-07-17,N/A
PN0575,1912-07-29,N/A
PN0576,1912-08-07,N/A
PN0577,1912-09-07,N/A
PN0578,1912-09-18,N/A
PN0579,1912,N/A
PN0580,1912-10-17,N/A
PN0581,1912-11-02,N/A
PN0582,1912-12-01,N/A
PN0583,26-26%1912-12-27,N/A
PN0584,1913-02,N/A
PN0585,1913-03-10,N/A
PN0586,1913-07-08,N/A
PN0587,1913-08-27,N/A
PN0588,1913-07-31,N/A
PN0589,1913-11-03,N/A
PN0590,1913-11,N/A
PN0591,1913-12,N/A
PN0592,1913-12,N/A
PN0593,1914-02,N/A
PN0594,1914-03-13,N/A
PN0595,1914-06-27,N/A
PN0596,1914-09-14,N/A
PN0597,1914-09,N/A
PN0598,1914-12-16,N/A
PN0599,1914-12,N/A
PN0600,1915-01,N/A
PN0601,1915-01-01,N/A
PN0602,1915-02-01,N/A
PN0603,1915-06-28,N/A
PN0604,1915-02-08,N/A
PN0605,1915-01,N/A
PN0606,1915-06,N/A
PN0607,1915-06,N/A
PN0608,1915-07-28,N/A
PN0609,1915-08-02,N/A
PN0610,1916-06,N/A
PN0611,1917-01,N/A
PN0612,1918-12-20,N/A
PN0613,1919-11-19,N/A
PN0614,1920-05-07,N/A
PN0615,1920-05,N/A
PN0616,1920-07,N/A
PN0617,1920-08-02,N/A
PN0618,1920-08,N/A
PN0619,1920-08-17,N/A
PN0620,1922-02,N/A
PN0621,1922-05-14,N/A
PN0622,1922-06-02,N/A
PN0623,1922-07-09,N/A
PN0624,1922-11-09,N/A
PN0625,1922-08,N/A
PN0626,1922-11-16,N/A
PN0627,1922-12-11,N/A
PN0628,1922-12-11,N/A
PN0630,1923-02,N/A
PN0631,1923-05-25,N/A
PN0632,1923-10-30,N/A
PN0633,1923-11-08,N/A
PN0634,1923-11,N/A
PN0635,1923-12-20,N/A
PN0636,1924-12,N/A
PN0639,1925-08-11,N/A
PN0642,1925-12-23,N/A
PN0643,1926-01,N/A
PN0644,1926-06-20,N/A
PN0645,1926-06-22,N/A
PN0646,1926-06-23,N/A
PN0647,1926-08-17,N/A
PN0648,1926-10-16,N/A
PN0649,1926-11,N/A
PN0650,1926-12-04,N/A
PN0651,1926-12-31,N/A
PN0652,1927-01-12,N/A
PN0653,1927-02-07,N/A
PN0654,1927-02,N/A
PN0655,1927-03-15,N/A
PN0656,1927-03-30,N/A
PN0657,1927-06-22,N/A
PN0658,1927-12,N/A
PN0659,1927-12,N/A
PN0660,1927-12-23,N/A
PN0661,1927-12%1928-01,N/A
PN0662,1928-01-02,N/A
PN0663,1928-01-05,N/A
PN0664,1928-01-12,N/A
PN0665,1928-05,N/A
PN0666,1928-06-04,N/A
PN0667,1928-06,N/A
PN0668,1928-06-20,N/A
PN0669,1928-07-10,N/A
PN0670,1928-07-15,N/A
PN0671,1928-12,N/A
PN0672,1929-02,N/A
PN0673,1929-02-14,N/A
PN0674,1929-04,N/A
PN0675,1929-05,N/A
PN0676,1929-06,N/A
PN0677,1929-06,N/A
PN0678,1929-07-07,N/A
PN0679,1929-07,N/A
PN0680,1929-07,N/A
PN0681,1929-10-24,N/A
PN0682,1929-11,N/A
PN0686,1931-08-24,N/A
PN0687,1931-10-23,N/A
PN0688,1931-10,N/A
PN0689,1931-12-03,N/A
PN0690,1932-01,N/A
PN0691,1932-02-10,N/A
PN0706,1904-01-12,N/A
PN0707,1906-12-23,N/A
PN0708,1908-01-22,N/A
PN0709,1908-10-17,København
PN0710,1908-10-27,København
PN0711,1908-11-12,København
PN0712,1908-12-28,København
PN0713,1909-01-13,N/A
PN0714,1909-01-22,N/A
PN0715,1909-02-02,N/A
PN0716,1909-02-04,N/A
PN0717,1909-02-15,København
PN0718,1909-02-17,N/A
PN0719,1909-02-18,N/A
PN0720,1909-02-27,N/A
PN0721,1909-03-09,N/A
PN0722,1909-03-12,N/A
PN0723,1909-03-13,København
PN0724,1909-03-24,N/A
PN0725,1909-03-27,N/A
PN0726,1909-04-05,København
PN0727,1909-04-08,N/A
PN0728,1909-04-12,N/A
PN0729,1909-04-12,N/A
PN0730,1909-04-20,N/A
PN0731,1909-10-24,N/A
PN0732,1910-01-21,N/A
PN0733,1910-02-01,N/A
PN0734,1910-03-21,N/A
PN0735,1912-01-09,N/A
PN0737,1912-06-02,Paris
PN0738,1921-05-03,N/A
PN0739,1922-04-22,N/A
PN0741,1926-06-03,N/A
PN0742,1926-06-13,Paris
PN0743,1926-10-17,Verdun
PN0744,1926-11-01,N/A
PN0745,1908-11-08,N/A
PN0746,1908-11-19,N/A
PN0747,1908-11-24,N/A
PN0748,1908-12-16,N/A
PN0749,1909-03-06,N/A
PN0750,1909-03-09,N/A
PN0751,1912-04-25,N/A
PN0752,1912-05-23,N/A
PN0753,1909-04,N/A
PN0754,1909-03-13,N/A
PN0755,1909-04-12,N/A
PN0756,N/A,Oslo
PN0760,N/A,Oslo
PN0761,1906-04,N/A
PN0763,1913-12,N/A
PN0765,1904-02,N/A
PN0766,1903-07,Åsgårdstrand
PN0767,1903-07,Åsgårdstrand
PN0768,1925-03-13,N/A
PN0769,1925-04,N/A
PN0770,1926-10-14,N/A
PN0771,1890-12-12,Le Havre
PN0772,1891-01-26,Nice
PN0773,1930-09-01,Oslo
PN0774,1892-07-09,Åsgårdstrand
PN0776,1908-10-27,København
PN0777,1912-04-20,N/A
PN0778,1912-07-24,N/A
PN0779,1895-06,N/A
PN0780,1907-01-30,N/A
PN0783,1907-01-23,N/A
PN0785,1877-11-12,N/A
PN0788,1909-03-23,N/A
PN0789,1909-05-27,N/A
PN0793,1912-05-26,N/A
PN0795,1891-11-24,N/A
PN0803,1903-11-03,N/A
PN0804,1903-12-24,N/A
PN0805,1905-02-06,N/A
PN0806,1905-09-24,N/A
PN0807,1905-10-19,N/A
PN0808,1906-11-01,N/A
PN0809,1907-10-31,N/A
PN0810,1905-11-06,N/A
PN0812,1928-12,N/A
PN0817,1919-11-20,N/A
PN0818,1918-02-15,N/A
PN0820,1919-08-22,N/A
PN0821,1919-07-25,N/A
PN0822,1919-02-19,N/A
PN0823,1920-11-06,N/A
PN0824,1921-01-18,N/A
PN0825,1921-01-21,N/A
PN0826,1921-03-22,N/A
PN0827,1921-06-06,N/A
PN0828,1921-06-06,N/A
PN0829,1912-06-10,N/A
PN0830,1921-08-23,N/A
PN0831,1921-12-23,N/A
PN0832,1922-04-05,N/A
PN0833,1922-11-13,N/A
PN0834,1922-01-20,N/A
PN0835,1922-10-12,N/A
PN0836,1923-09-21,N/A
PN0837,1909-04-23,N/A
PN0838,1931-12-27,N/A
PN0842,1893-06-09,N/A
PN0843,1924-09-10,N/A
PN0844,1922-10-12,N/A
PN0847,1924-11-22,N/A
PN0848,1924-12-02,N/A
PN0850,1912-05,N/A
PN0852,1907-02,N/A
PN0853,1918-06,N/A
PN0854,1911-12-15,N/A
PN0855,1910-01-02,N/A
PN0858,1884-09-30,N/A
PN0859,1885-03-11,N/A
PN0860,1885-03-11,N/A
PN0861,1885-04-03,N/A
PN0862,1885-04-06,N/A
PN0863,1885-08-02,N/A
PN0867,1884-10,N/A
PN0868,1883-12,N/A
PN0871,1916,N/A
PN0876,1911-04,N/A
PN0877,1922-04-22,N/A
PN0881,1932-06-03,N/A
PN0883,1928-01-05,N/A
PN0884,1928-11-03,N/A
PN0885,1929-03-15,N/A
PN0886,1929-06-10,N/A
PN0888,1932-12-24,N/A
PN0895,1894-07-22,N/A
PN0898,1897-11-30,N/A
PN0899,1906,N/A
PN0900,1906-12,N/A
PN0901,1907,N/A
PN0902,1906-12,N/A
PN0904,1904-09-18,Åsgårdstrand
PN0908,1912-12,N/A
PN0909,1890-12-22,Le Havre
PN0910,1902-07-08,N/A
PN0915,1927-02,N/A
PN0916,1931-01-08,N/A
PN0917,1927-03-12,N/A
PN0918,1927-03-24,N/A
PN0919,1927-04-01,N/A
PN0920,1927-06-22,N/A
PN0921,1927-03-30,N/A
PN0922,1927-12-20,N/A
PN0923,1928-06-17,N/A
PN0924,1903-05,N/A
PN0925,1906-03-08,N/A
PN0926,1906-05-01,N/A
PN0927,1903-01-30,N/A
PN0932,1929-07-02,N/A
PN0933,1902-11-28,N/A
PN0936,1906-03-02,N/A
PN0937,1905-12,N/A
PN0938,1905-02,N/A
PN0940,1914-02-20,N/A
PN0941,1904-01,N/A
PN0942,1904-04-29,N/A
PN0943,1929-03-03,N/A
PN0944,1905-11-13,N/A
PN0958,1905-08,N/A
PN0959,1905-08,N/A
PN0960,1905-12,N/A
PN0961,1905,N/A
PN0962,1905-08,N/A
PN0963,1905-07-01,N/A
PN0964,1905-08-13,N/A
PN0965,1905-08-19,N/A
PN0966,1905-08,N/A
PN0967,1905-09-03,N/A
PN0968,1905-10-02,N/A
PN0969,1905-10-09,N/A
PN0970,1905-11-18,N/A
PN0971,1905-10-20,N/A
PN0972,1905-10-24,N/A
PN0973,1905-11-20,N/A
PN0975,1928-09-15,N/A
PN0976,1928-09-17,N/A
PN0977,1926-08-03,N/A
PN0978,1926-08-14,N/A
PN0979,1926-08-14,N/A
PN0980,1926-10-12,N/A
PN0981,1926-10-16,N/A
PN0982,1926-10-24,N/A
PN0983,1926-10-29,N/A
PN0984,1926-11-08,N/A
PN0985,1926-11-11,N/A
PN0986,1926-11,N/A
PN0987,1926-12-01,N/A
PN0988,1926-12-08,N/A
PN0989,1926-12,N/A
PN0990,1927-01-03,N/A
PN0991,1927-01-16,N/A
PN0994,1909-10-29,N/A
PN0995,1909-03-09,N/A
PN0999,1897-08-02,N/A
PN1000,1897-07-06,N/A
PN1001,1897-03-25,N/A
PN1002,1897-01-30,N/A
PN1003,1896-10-29,N/A
PN1005,1899-06-24,N/A
PN1006,1903-05,N/A
PN1007,1903-05-05,N/A
PN1008,1903-05-25,N/A
PN1009,1903-05-28,N/A
PN1010,1903-09,N/A
PN1011,1903,N/A
PN1012,1903-10-19,N/A
PN1013,1903-10-31,N/A
PN1014,1903-11-12,N/A
PN1015,1903,N/A
PN1016,1903,N/A
PN1017,1903,N/A
PN1018,1903,N/A
PN1019,1903,N/A
PN1020,1903-12-11,N/A
PN1021,1904-01-30,N/A
PN1022,1904-03-28,N/A
PN1023,1906-01,N/A
PN1024,1904-10-28,N/A
PN1025,1905-12-02,N/A
PN1026,1905-12-20,N/A
PN1027,1906-01,N/A
PN1028,1906-06,N/A
PN1029,1906-06-15,N/A
PN1030,1908-09-07,N/A
PN1036,1910-04,N/A
PN1037,1910-07-31,N/A
PN1039,1926-12-23,N/A
PN1040,1898-06-13,N/A
PN1045,1909-01-03,N/A
PN1046,1909-02-06,N/A
PN1047,11-11-07,N/A
PN1049,1924-01-01,N/A
PN1052,1923-12-15,N/A
PN1053,1924-01-19,N/A
PN1054,1923-04-17,N/A
PN1056,1906-02-19,N/A
PN1057,1906-02-21,N/A
PN1058,1901-12-06,N/A
PN1059,1896-09-30,N/A
PN1068,1904-01,N/A
PN1069,1889-12-27,N/A
PN1070,1884-04-15,N/A
PN1071,1891-03-24,N/A
PN1072,1889-04-04,N/A
PN1073,1890-10-21,N/A
PN1074,1891-01-22,N/A
PN1075,1922-03-20,N/A
PN1076,1922-03-28,N/A
PN1077,1922-04-18,N/A
PN1078,1922-04-22,N/A
PN1079,1922-04-22,N/A
PN1080,1922-05,N/A
PN1081,1922-05-13,N/A
PN1082,1922-05-16,N/A
PN1083,1922-05-16,N/A
PN1084,1922-05-18,N/A
PN1085,1922-05,N/A
PN1086,1925-07-06,N/A
PN1088,1922-07-18,N/A
PN1089,1926-07-08,N/A
PN1090,1925-06-24,N/A
PN1091,1925-07-08,N/A
PN1092,1931-06-10,N/A
PN1093,1931-06-20,N/A
PN1094,1931-06,N/A
PN1095,1922-05-05,N/A
PN1096,1931-10,N/A
PN1097,1931-12-07,N/A
PN1098,1932-01-25,N/A
PN1099,1932-01-27,N/A
PN1100,1932-02-02,N/A
PN1103,1906-04-15,N/A
PN1104,1906-03-12,N/A
PN1107,1910-01-12,N/A
PN1108,1927-10,N/A
PN1109,1924-12,N/A
PN1110,1912-03-30,N/A
PN1111,1912-02-16,N/A
PN1112,1912-02-21,N/A
PN1116,1888-05-24,N/A
PN1117,1932-10-18,N/A
PN1121,1903-12-27,N/A
PN1122,1909-11-11,N/A
PN1123,1909-12-23,N/A
PN1124,1909-12-21,N/A
PN1125,1910-03-18,N/A
PN1126,1910-04-13,N/A
PN1127,1911-08,N/A
PN1128,1917-08,N/A
PN1129,1917-11-16,N/A
PN1134,1927-01-18,Oslo
PN1139,1929-01-29,N/A
PN1140,1929-02,N/A
PN1141,1929-03-05,N/A
PN1142,1929-07-01,N/A
PN1143,1905-07-25,N/A
PN1144,1905-08-28,N/A
PN1145,1905-07,N/A
PN1146,1905-09-02,N/A
PN1147,1905-12,N/A
PN1148,1906-04,N/A
PN1149,1906-06-18,N/A
PN1150,1906-06-22,N/A
PN1151,1906-07-02,N/A
PN1152,1906-07-19,N/A
PN1153,1906-09,N/A
PN1154,1906-10,N/A
PN1155,1906-12,N/A
PN1156,1907-03-19,N/A
PN1157,1907-04-19,N/A
PN1158,1907-06-14,N/A
PN1159,1907-06-30,N/A
PN1160,1907-07-20,N/A
PN1161,1907-08,N/A
PN1162,1907-08,N/A
PN1163,1907-08-01,N/A
PN1164,1907-08,N/A
PN1165,1907-09-05,N/A
PN1166,1907-09-14,N/A
PN1167,1907-09-24,N/A
PN1168,1907-09-25,N/A
PN1169,1907-10,N/A
PN1170,1907-10-11,N/A
PN1171,1907-10-22,N/A
PN1172,1907-10-26,N/A
PN1173,1907-11,N/A
PN1174,1907-11,N/A
PN1175,1907-11-26,N/A
PN1176,1907-12-02,N/A
PN1177,1908-02-10,N/A
PN1178,1908-02-19,N/A
PN1179,1908-03-10,N/A
PN1180,1908-05-12,N/A
PN1181,1908-06-15,N/A
PN1182,1908-06-27,N/A
PN1183,1908-10,N/A
PN1184,1908-10,N/A
PN1185,1909-03-16,N/A
PN1186,1909-05-24,N/A
PN1187,1909-08-02,N/A
PN1188,1912-03,N/A
PN1190,1922-05-13,N/A
PN1191,1922%1923,N/A
PN1192,1907-03-22,N/A
PN1193,1908-10-17,N/A
PN1194,1908-10-28,N/A
PN1195,1908-11-06,N/A
PN1196,1908-11-29,N/A
PN1197,1908-12-17,N/A
PN1198,1909-12-06,N/A
PN1199,1911-02-02,N/A
PN1200,1907-02,N/A
PN1204,1909-04-04,N/A
PN1205,1909-04-12,N/A
PN1206,1909-04,N/A
PN1208,1909-10,N/A
PN1209,1909-07-01,N/A
PN1210,1909-10-02,N/A
PN1211,1913-11,N/A
PN1214,1918-04-24,N/A
PN1216,1918-07-21,N/A
PN1217,1917%1918,N/A
PN1219,1923-04-12,N/A
PN1220,1923-07-24,N/A
PN1237,N/A,Oslo
PN1238,1909-02,N/A
PN1239,1928-10,N/A
PN1240,1892-01,N/A
PN1242,1911-01-21,Hvitsten
PN1244,1903-03-24,N/A
PN1245,1908-08-08,N/A
PN1246,1908-08-18,N/A
PN1247,1909-12-23,N/A
PN1248,1914-05-20,N/A
PN1249,1920-01-15,N/A
PN1252,1932-02-16,N/A
PN1253,N/A,Oslo
PN1254,1913-01-03,N/A
PN1255,1913-01,N/A
PN1256,1913-01-11,N/A
PN1257,1912-12-01,N/A
PN1258,1917-02-13,N/A
PN1259,1903-06,N/A
PN1260,1903-07,N/A
PN1261,1903,N/A
PN1262,1904-01-21,N/A
PN1263,1904-03-06,N/A
PN1264,1904-03-08,N/A
PN1265,1904-03-17,N/A
PN1266,1904-03-10,N/A
PN1267,1904-03-11,N/A
PN1268,1904-03-13,N/A
PN1271,1924-02-11,N/A
PN1272,1928-12-02,N/A
PN1273,1909-01-25,N/A
PN1276,1903-03-06,N/A
PN1277,1906-07-19,N/A
PN1278,1905-06-18,N/A
PN1279,1920-01-31,N/A
PN1280,1924-09-22,N/A
PN1282,1932-02-05,N/A
PN1283,1931-12-20,N/A
PN1291,1902-04-29,N/A
PN1293,1894-07-01,N/A
PN1294,1896-02-28,N/A
PN1298,1926-07-10,N/A
PN1300,1926-07-17,N/A
PN1304,1909-05-13,N/A
PN1308,1895-12-31,N/A
PN1309,1912-01-09,N/A
PN1310,1906-07-08,N/A
PN1318,1908-03-23,N/A
PN1319,1909-02-28,N/A
PN1320,1924-05-03,N/A
PN1328,1916-05-19,N/A
PN1329,1903-12-27,N/A
PN1331,1906,N/A
PN1332,1908,N/A
PN1333,1906-03-19,N/A
PN1334,1908-05-02,N/A
PN1335,1908-05-02,N/A
PN1336,1908-05-08,N/A
PN1337,1908-05-08,N/A
PN1338,1907-09,N/A
PN1339,1929-02,N/A
PN1340,1929-04,N/A
PN1342,1923%1924,N/A
PN1343,1929-02-16,N/A
PN1344,1905-10-06,N/A
PN1345,1905-11-03,N/A
PN1346,1906-06-18,N/A
PN1347,1906-07-17,N/A
PN1348,1911-12-30,N/A
PN1349,1912-11,N/A
PN1350,1912-12%1913-01,N/A
PN1351,1912-10-15,N/A
PN1352,1918-08-05,N/A
PN1353,1918-04,N/A
PN1354,1912-11-07,N/A
PN1355,1911-03,N/A
PN1356,1918-04,N/A
PN1357,1912-12,N/A
PN1358,1912-11-08,N/A
PN1359,1912-12-02,N/A
PN1360,1916-10-10,N/A
PN1361,1918-06-19,N/A
PN1362,1918-10-08,N/A
PN1364,1917-06,N/A
PN1365,1912-12-02,N/A
PN1366,1920-10-09,N/A
PN1367,1906-10,N/A
PN1368,2018-09-25,N/A
PN1369,1910-12,N/A
PN1376,1896-07,N/A
PN1377,1908-08-13,N/A
PN1378,1908-08-01,N/A
PN1379,1908-05-09,N/A
PN1380,1909-11,N/A
PN1419,1932-08-03,N/A
PN1420,1932-11-09,N/A
PN1421,1932-06,N/A
PN1422,1922-11-03,N/A
PN1423,1932-03-14,N/A
PN1424,1928-06-14,N/A
PN1425,1932-06-15,N/A
PN1426,1932-10-18,N/A
PN1428,1932-06,N/A
PN1429,1932-02,N/A
PN1430,1925-08-05,N/A
PN1431,1932-02-16,N/A
PN1432,1931-11-21,N/A
PN1436,1922-07,N/A
PN1437,1931-12,N/A
PN1443,1927-02-12,N/A
PN1445,1924-03-15,N/A
PN1446,1932-09-09,N/A
PN1447,1932-02-29,N/A
PN1448,1898-03-22,N/A
PN1449,1913-04-06,N/A
PNPN05,1914-06-08,N/A
